,smiles,score,likelihood
4,c1ccncc1C=C1c2c(cccc2)NC1=O,0.7756171,-18.633299
3,c1ccc(-n2c(CCC)c(C(=O)Nc3cccc(O)c3)cn2)cc1,0.77207774,-25.412125
88,Cc1c(C)cc(-n2c3c(cn2)C(NC(c2occc2)=O)CCC3)cc1,0.76948994,-22.554949
122,n1cc(-c2cn[nH]c2)ccc1C1N2CCCC23C(=O)N(CCC)CC1C3,0.76604295,-35.582294
0,C(CCC)Cn1cccc(C=C2c3c(C)cccc3NC2=O)c1=O,0.7659392,-31.75528
88,Cc1cc(-n2c3c(cn2)C(NC(c2cccc(Cn4cccn4)c2)=O)CCC3)ccc1,0.765523,-29.284327
28,N(C1CC(C)(C)Cc2n(-c3ccccc3)ncc21)C(c1ccc(Cl)s1)=O,0.7597112,-25.162567
35,c1cc(C=C2c3cc(Cl)ccc3NC2=O)ccc1OCCN1CCOCC1,0.75946,-20.967741
87,c1(CNC(=O)c2c(CC)n(-c3ccccc3)nc2)ncccc1,0.7555684,-22.503088
0,[nH]1cc(C(NC2CCCc3n(-c4c(C)c(C#N)ccc4)ncc32)=O)cnc1=NC1CC1,0.7514046,-34.400406
39,S1C(=Cc2ccc(O)c(C)c2)C(=O)N=C1Nc1ccccc1OCC,0.7495989,-29.223064
97,C1(NCc2ccc(F)c(F)c2)CC2CC1CN2,0.7436866,-27.742067
85,c1(-c2[nH]c(=NC(CCC)c3ccncc3)c(C)cn2)nccnc1,0.73909074,-28.776981
79,c1cc2c(cc1)C(=Cc1ccc(OCCN(C)C)cc1)C=C2,0.7362745,-19.291916
59,c1ccc2c(c1)C(=Cc1cccc(OCCN(CC)CC)c1)C=C2,0.73355335,-22.781326
80,c1c(C(=O)Nc2ccccc2F)c(C)n(-c2c(OC)cccc2)n1,0.7333222,-25.168436
41,c1(-n2ncc(C(=O)NCc3ccc(Cl)cc3)c2C)ccccc1,0.7323857,-21.800407
59,c1ccc(C(F)(F)F)cc1-n1ncc2c1CC(C)(C)CC2NC(c1cc2c(cc1)OCCO2)=O,0.73111665,-28.007725
97,C(c1cncc2c1CCCC2)(NCc1cc(C)ccc1)=O,0.71200526,-28.125809
97,C1CC1c1n(-c2ccccc2)ncc1C(NCCN1Cc2c(nc(C(C)C)s2)CC1)=O,0.7100552,-31.818201
74,c1c(S(=O)(NC2c3cnn(-c4ccccc4)c3CC(C)(C)C2)=O)cc(Cl)cc1,0.70777756,-28.921219
126,c12cc(N3CCNCC3)ccc1c(=O)c(C(=O)NC13CC4CC(CC(C1)C4)C3)cn2CCCC,0.7068856,-25.572794
45,c1(OC)c(OC)cc2c(=O)c(C(=O)NC3CC3)cn(CCCCC)c2c1,0.70590323,-25.49464
24,c12ccccc1n(CC(=O)Nc1c(C)cccc1)c(=O)n(-c1cn(Cc3c(C)noc3C)nc1)c2=O,0.7054482,-28.135185
8,Fc1c(F)cc2c(n(NC)cc2C2=NS(=O)(=O)c3ccccc3N2)c1,0.7047674,-29.371895
27,c1c(-c2cnn(C)c2)cccc1-n1nc(-c2oc(C(F)(F)F)cc2)ccc1=O,0.70423657,-26.548794
94,C(n1c(=O)n(-c2ccccc2C)c(=O)s1)c1cc(Cl)ccc1,0.7032524,-26.245043
85,c12c(ccc(Cl)c1)NC(=O)C2=Cc1c(OC)cc(OC)cc1OC,0.701894,-19.12897
27,c1(OC)ccc(OC(c2cccnc2)C2CCNCC2)cc1,0.6974181,-21.123283
81,COc1cc(NC(c2cc(C)nc3ccccc23)=O)ccc1,0.6954009,-21.103989
50,c1cc2n(CC(=O)Nc3ccccc3OC)c(=O)n(-c3ccc(C)cc3)c(=O)c2cc1,0.69102913,-23.93548
102,c1(NC2=NCC(CC(C)C)N2CCCc2ccccc2)c(Br)cccc1,0.6899092,-25.247118
50,C(O)(CNC1c2cnn(-c3ccccc3)c2CCC1)c1ccccc1,0.6896953,-26.64678
93,O=C(NC1c2c(n(-c3ccc(OC)cc3)nc2)CC(C)(C)C1)CC(NC)c1ccccc1,0.687995,-26.966652
52,c1cccc2c1CCC1C(c3ccsc3)N(CC(C)C)C(=O)N21,0.68404275,-31.271633
105,c1ccccc1-n1c(C)c(C(N(c2ccccc2)C)=O)cn1,0.6827969,-20.86808
89,c1ccccc1-c1noc(=O)n1-c1ccc(OC)cc1,0.6826835,-19.915176
127,C1COCCN1c1ccc(C=C(c2nc(=O)c3ccccc3[nH]2)C#N)cc1,0.6814818,-22.358612
35,c1(-c2n3c(c(CO)c2)C(=O)CC(c2cccnc2)C3)ccccc1,0.67966276,-31.765
36,c1(-n2cc(CNCCCN3CCCC3=O)c(-c3ccc(OCC)cc3)n2)ccccc1,0.67746085,-26.031372
47,C(=c1[nH]c(=C)n(-c2ccccc2)c1=O)c1ccc(OC)cc1,0.6770322,-21.60134
77,O=[N+](c1cc2c(cc1)NC(=O)C2=Cc1cccnc1)[O-],0.67543143,-22.80595
2,N1(c2cnc(CN)cn2)CCN(C(c2cnn(-c3ccccc3)c2C)=O)CC1,0.6720142,-31.979631
108,O=C(c1c(SC)nccc1)NCc1nnnn1-c1ccc(Cl)cc1,0.66851693,-24.860416
20,C1(=Cc2ccc(SC)cc2)c2c(cccc2)NC1=O,0.66845113,-19.217138
87,c1nn(CC2OCCN(CCc3ccccn3)C2)cc1,0.66794497,-19.719275
49,c1c2c(ccc1)NC(=Nc1ccc(OC)cc1)CO2,0.6646895,-21.817642
117,C1CC2(C(=O)N(Cc3cnccc3)CCC2)N1Cc1ccco1,0.6628932,-29.778156
117,c12ccc(C)cc1SC1=NC(CCC)(CCC)CN1C2=O,0.66061103,-27.539938
71,c12n(CC=C)ncc1C(c1ccsc1)CC(=O)N2,0.6589822,-26.273403
26,c1cccc(C(=C2C=C(C)C(=O)C=C2)Br)c1,0.65878135,-23.86636
88,c1cccc(NC2=NC(=Cc3ccccc3)C(=O)N2Cc2ccccc2)c1,0.65853393,-23.182371
37,c1(Cl)cc(N(C)C2CCC(CC(N3CCC3)=O)CC2)c(OC)cc1,0.65764296,-38.870544
75,C1(=Cc2ccccc2[N+](=O)[O-])C(=O)Nc2ccccc21,0.6566701,-20.328878
66,c1(Cn2c(=O)ccc(N3CCN(c4ccccc4)CC3)n2)ccccc1,0.65546435,-20.81708
14,C1C2(C(=O)N(Cc3ccco3)CC1)CN(c1cnccc1)C(=O)CN2C,0.65513945,-27.717121
120,N1(CC2CCC(N=c3c(C(C)=O)c[nH]c4c3cccc4C(N)=O)CC2)CCOCC1,0.654941,-30.354134
58,s1c(=NCc2cc(OC)ccc2)[nH]c(-c2nccnc2)n1,0.65440905,-25.579853
68,C(=C1c2ccccc2N(c2cccc(Cl)c2)C1=O)c1ccc(OC)cc1,0.6536679,-22.81706
61,c1(Cl)ccccc1Cn1ncc(-c2[nH]nc(C(NCc3ccc(OC)c(OC)c3)=O)c2)c1,0.6535514,-31.37545
122,CC(=CCc1c(O)c(CC=C(C)C)cc(C=C2S(=O)(=O)C(c3ccccc3)c3c2c(OC)ccc3)c1)C,0.65277225,-38.21678
120,C(N(CCCC)CC)c1cc(=O)c2c(c(C)cc(C)c2)[nH]1,0.6527191,-25.650877
81,FC(F)Oc1cccc(C2CN(C(=O)c3c(C)cc(C4CC4)c(-c4[nH]nc(C)n4)c3)C2)c1,0.65043825,-32.465736
21,C1(c2ccc(OC)cc2)=Nc2c(cccc2)NC(c2c(OC)cccc2)=N1,0.6495269,-22.619404
45,O=C1C2(CS(=O)(=O)N3CCc4n(-c5ccccc5)ncc4CC3)CCC2(C)C1(C)C,0.6491262,-37.82735
118,[nH]1c2n[nH]cc2c(=NCc2ccccc2Cl)[nH]c1=NCc1cccnc1,0.64841986,-27.947636
46,C(c1c(C)[nH]c(C)c1S(=O)(NC(CCc1ncccc1)C)=O)(NC)=O,0.64743006,-33.572098
68,C1c2ccccc2C(NC(=O)c2cccnc2OCCC)C1,0.64734805,-25.103611
70,C(CCC1=NS(=O)(=O)c2c(cccc2)N1)C(=O)NCc1ccccc1,0.6472962,-21.616749
63,O=S1(=O)c2c(cccc2)NC(CCCC(NCc2ccccc2)=O)=N1,0.6472962,-22.095362
59,c1cc(C)c2c(c1)C(=Cc1ccc(S(=O)(C)=O)cc1)C(F)(F)CC2,0.64637685,-28.059332
26,n1cc2c(n1-c1ccccc1Cl)CCC(N(C)C)C2,0.6460305,-23.120552
122,c1(=NC(C)c2ccccc2)[nH]cc(-c2cc(NC3CC3)ccc2)cc1,0.6439878,-31.35347
24,c1cc(O)c(OC)cc1C=C1c2c(cccc2)C=C1,0.64379823,-18.855946
45,c1(-c2occ(CNCCCn3cccn3)n2)c(F)cccc1,0.64029294,-22.043928
110,c1(CNC(=O)c2cccc(Cn3cc(Br)cn3)c2)cc(OC)c(OC)cc1,0.63995874,-26.38142
120,N(C(C(C)n1nccc1)C)C(c1cccc(Cl)c1)C,0.63893914,-29.511545
5,n1c2c(nc(=N)[nH]c2)n(Cc2c(Cl)cccc2)c1,0.6382026,-24.364883
16,n1c2n[nH]cc2ccc1N1CCC2(CN(Cc3c(OC)cccc3)CCC2)CC1,0.63738966,-34.64591
50,C1C(Nc2ccccc2)CCc2c(OC)cccc21,0.63463914,-19.729483
12,C(c1c(O)cccc1)CC(=O)N=C(C(C)O)C(NCc1cnccc1)=O,0.6339795,-38.263367
19,c1(OS(=O)(C)=O)ccc(C(c2ccccc2)=C(c2ccccc2)Cl)cc1,0.63397026,-25.424122
60,C1N(C(c2ccc(Cn3nccc3)o2)=O)CCN(C(=O)CCCC)C1,0.6334008,-27.128809
110,c1cccc(C=C2c3c(cccc3)C=C2)c1OC,0.6333104,-20.531292
16,CN(c1ccc(C=C2C=Cc3ccccc32)cc1)C,0.63269484,-15.936686
126,c1ccc(OC)c(N2CCN(Cc3cn(CCC)nc3)CC2)c1,0.63223296,-23.643705
98,n1(-c2ccccc2)[nH]c(=C)c(=Cc2ccc(OCC)c(OC)c2)c1=O,0.63194275,-20.12414
13,c1nn(CCc2ncccc2)c2c1CN(Cc1cocc1)C2,0.6315079,-26.78664
37,c1cccc(-n2nccc2)c1CNC(C(C)c1ccc(NS(=O)(=O)C)c(F)c1)=O,0.63098884,-21.478706
9,C1(NC(c2cc3c(n(C(C)C)nc3)cc2)=O)CN(CCc2ccccc2)C(=O)C(N)C1,0.6305304,-34.391865
20,c1(N(C)C)ccc(C=c2cnc(=CCCC)n2Cc2c(O)cccc2)cc1,0.6301141,-25.621685
22,c1cc2c(cc1)N(C(=O)Cn1c(=O)c(CNc3ccccc3)c[nH]1)CCC2,0.6291358,-32.819523
34,c1c2c(cnc1)c1n(CCCN(C)C)c(=O)n(-c3ccc(OC)cc3OC)c(=O)c1[nH]2,0.62886363,-33.612297
71,OCc1cc2c(=NC(C3(C)COC3)=O)cc[nH]c2c(C)c1,0.6280042,-36.08703
13,N1=C(N)Nc2c(cccc2)C1c1cnccc1OC,0.6278989,-28.329695
101,c1cc2c(c(O)c(C3=NS(=O)(=O)c4c(cccc4)N3)c(=O)n2NS(=O)(=O)C(F)(F)F)cc1,0.6277498,-24.565216
69,c1c(=Nc2cc(C)ccc2OCCN(C)C)[nH]c(Cl)cc1,0.6271678,-31.311008
9,Oc1cccc(-c2c(C(=O)N)c3n(n2)CCc2cc(-c4cnn(C(C)C)c4)ccc2N3)c1,0.62436646,-33.894684
42,c1c(CN2CCN(c3ccccc3OC(C)C)CC2)cncc1,0.62429947,-21.062288
106,c1ccc2c(c1)CN1Cc3ccccc3C(=O)C1C2,0.6237178,-24.755898
91,c1(C(=Nc2cccc3c2CCCC3)N)ccncc1,0.62222517,-23.577518
126,O=C(c1c(C)[nH]c2c1cccc2C1c2c([nH]nc2)C(=O)N1c1ccc(-c2cocc2)cc1)N1CCNCC1,0.62157315,-44.85753
30,c1c(-c2ccccc2)ccc(C(NCc2cccnc2)=O)c1,0.6214654,-19.101551
97,N(c1ccccc1N)C(=S)c1ccc(OC)cc1,0.6214136,-23.833374
121,c1ccc(Cn2cc(C(Nc3ccc(-n4ncc(C(CCC)=O)c4C)cc3)=O)c(C)n2)c(Cl)c1,0.6214014,-31.701809
63,C12(CN(C(c3n(C)ncc3)=O)CCN1S(=O)(=O)Cc1ccccc1)CCOCC2,0.6213768,-29.107134
7,N1=C(N)Nc2c(cccc2)C1c1ccc(OC)cc1,0.62135434,-19.82875
4,c1c2c(ccc1)CC(C(=O)Nc1cnn(CC)c1)(NC(C)=O)C2,0.6205405,-29.658081
57,c1(-n2c(=O)n(CC(=O)Nc3ccccc3)c3c4ccccc4sc3c2=O)ccccc1,0.62021714,-21.97873
3,c1c2c(c(-c3cc4c(cc3)S(=O)(=O)N(CCCN)C4=O)cc1)[nH]cc2,0.6193524,-31.69022
109,N=c1[nH]cnc2scc(CCc3ccc(NC)cc3)c12,0.61835486,-27.00124
61,c1cc2c(cc1)C(CCCN1CCCCC1)=CC2=Cc1ccccc1,0.6181392,-20.807297
120,C1CN(c2c(F)cc3c(=O)c(C(=O)Nc4ccc(NC(C)=O)cc4)cn(CC)c3c2)CCN1c1ccccc1,0.6180435,-27.612667
91,N1(CC(=O)N2CCc3c(cccc3)C2)CCN(Cc2ccc(OC)cc2OC)CC1,0.61790675,-26.04284
27,c12cccc(Cl)c1c(N=c1ccc(C(NCC3CCOCC3)=O)c[nH]1)ccc2,0.61758965,-31.935371
25,n1cc(-c2[nH]ccc(=NCCN=c3nccc[nH]3)n2)ncc1OC,0.61749375,-29.112724
123,CC(c1ccccc1)N=c1[nH]c(-c2cc(C(N)=O)c(OCCN(C)C)cc2)nc(-c2ncccc2)c1,0.6174881,-32.744926
41,N1(Cc2c(N)cccc2OC)CCN(c2c(OC(C)C)cccc2)CC1,0.61739177,-27.058369
62,c12c(nc(N3CCOCC3)nc1-c1cnc(=N)[nH]c1)N(C(C)(C)C)CC2,0.6170605,-19.460087
110,c1cccc2c1CCN=C2c1c(C)[nH]n(-c2ccccc2)c1=O,0.6164345,-21.268888
12,c1c(-c2[nH]c3c(cccc3)c2C=C2C(=O)Nc3ccccc32)cccc1[N+]([O-])=O,0.6163283,-25.674335
36,c1(C2C(C(=O)N3CCc4c(F)cccc4C3CCCC(N3CCCC3)=O)C2)ccccc1,0.61556244,-33.7355
112,c1c(O)c(OC)cc(CNCc2c(N(C)C)n(C)nc2C)c1,0.6153058,-21.745024
119,C1N(Cc2cc(C)ccc2)CC(N2CCc3c(-c4cnc(=N)[nH]c4)nc(N4CCOCC4)nc32)(C)C1,0.61456156,-24.89087
36,c1(O)n(-c2c(C)n(CC(c3ccccc3)=O)nc2)c(O)c2c1C1CCC2O1,0.6145269,-26.59494
86,c1cc(CNC(=O)CN2CCN(c3ccc(Cl)cc3)CC2)cnc1,0.6142701,-21.707407
107,c1ccccc1Oc1ccccc1NC(=N)CC,0.61393034,-23.382984
56,c1[nH]c(=N)ncc1-c1nc(N2CCOCC2)nc2c1CCN2C1(C)CN(C(C(F)(F)F)=O)C1,0.6133311,-23.30703
126,c1ccccc1-c1ccnc(C(=O)NC(CC)CC)c1,0.6132,-25.176262
47,c1c(OC)cccc1-c1c[nH]c(=N)c(C(=O)NC(C)CC)n1,0.6126997,-22.002632
64,C1CN(c2nc3c(c(-c4cnc(=N)[nH]c4)n2)CCN3C2(C)CCN(C(=O)CC#N)C2)CCO1,0.6126702,-22.228786
106,FC(F)(C1(C)Oc2ccc(-c3cc(F)c(C(=O)NC)cc3)cc2C2CN(C(=O)C)CCC21)F,0.6119532,-37.264557
11,c1c(C=CC(=O)NCc2cc(OC)c(OCCN(C)C)cc2)cccc1,0.6119033,-23.39616
22,c1nc(-c2c(F)cc(-c3cn(C(C)CO)nc3)cc2)c[nH]c1=N,0.6117151,-28.655182
107,N(C(C)c1ccccc1)=c1c2c[nH]nc2[nH]c(=NCCCO)[nH]1,0.61162114,-27.269295
14,c1(C(=Cc2c(OC)cccc2)C#N)ccc(S(C)(=O)=O)cc1,0.61141044,-23.337996
102,OCCNC(c1sc2c(n1)N(CC)c1ncccc1N(C)C2=O)=O,0.6112488,-28.2363
66,c1(OCc2ccccc2)cnn(CC(c2ccc(CN3CCCCC3)cc2OC)=O)c(=O)c1,0.61072904,-24.282278
49,C1N(CCC(NC2CCc3c(cc(OC)c(OC)c3)C2)=O)C(=O)CC1,0.61027217,-24.720066
48,CC(C)Oc1c(=N)[nH]cc(-c2cnn(C(C)C)c2)c1,0.60982424,-21.809189
58,c1cc(-c2ncc(C(Nc3c(O)ccc(-c4ccccc4)c3)=O)cn2)ccc1NC(CC)=O,0.6097295,-33.22496
4,Cc1c(-c2cc(C(N)=O)c3[nH]c4c(ccc(C(N5CCN(C)CC5)=O)c4)c3c2)cncn1,0.60809577,-28.00919
8,c12cc(-c3cc(OC)ccc3)ccc1C1OC(CCS(=O)(=O)N)CC1OC2,0.6080335,-32.85689
54,N(C)(C)CCOc1ccc2n(CCCC)c3c(c2c1)CCN(C)C3,0.6072475,-28.98519
24,c1(=NCCCn2nccc2)c(SC)nc2ccccc2[nH]1,0.6069012,-24.710388
119,c1c(O)c(O)cc(C=C2c3c(cccc3)C=C2)c1,0.6063216,-19.634289
69,C(NC1C(Cc2cnccc2)N2CCC1CC2)(c1ccc(Cl)c(Cl)c1)=O,0.6062679,-23.572859
54,N1CCC(n2cc(-c3cnc(C)nc3OCCc3ccccc3)cn2)CC1,0.6057663,-29.164661
96,c1cccnc1CN1CCOc2c(cc(-c3cncc(CC)c3)cc2OC)C1,0.6057234,-29.674625
97,o1c(-c2cc(C)ccc2)nc(CNCC2c3c(cccc3)CCO2)c1,0.60555035,-24.786383
91,C(Cc1oc(-c2ccccc2)nn1)C(=O)N1CCC(C(N)=O)CC1,0.6055047,-23.45381
100,C1(=O)C(=O)N2C(=Cc3ccc(Cl)cc3C2)c2ccc(OC)cc21,0.60529876,-33.853325
70,c1ccccc1CC(NC(c1cc(N2CCCC2=O)c2c(c(C)cc(C)c2)n1)=O)C,0.60517216,-28.718351
78,CN(C)c1cccc(-c2nc(=Nc3ccc(OCCN(CC)CC)cc3)[nH]cc2)c1,0.6046304,-25.149893
24,c1ccc(OC(C2CNC(=O)C2)C)cc1-c1nc(N2CCOCC2)ncc1,0.6046076,-29.695192
5,C(NC1CC(C(=O)N2C(C#N)CCC2)NC1)C(=C)CN1CCc2ccccc2C1,0.6044297,-39.642693
121,[nH]1cc(-c2ccccc2F)nc(C(=O)NC(CC)C)c1=N,0.6043129,-23.347086
105,c1(NC(=O)c2cnc3n(ncc3-c3ccccc3)c2C)cc(Cl)ccc1O,0.604237,-28.82553
96,c1cccc(-c2cc3c(cc2)-n2ccnc2CC3)c1OC,0.60377264,-22.405642
68,Fc1ccccc1OCCN1CCc2[nH]nc(C(=O)NCc3ccco3)c2C1,0.60340124,-33.494057
56,n1(CC2ON=C(c3ccccc3O)C2)ncc(C)c1,0.60328954,-24.275688
72,c1cc(-c2cc(OCC(NC(=O)c3ccncc3)C)ccc2)c2c(c1)CC(=O)NC2=O,0.6027756,-42.051765
46,c12ccccc1C(=O)Nc1c(nccc1)N2C(=O)CN1CCN(c2ccc(Cl)cc2)CC1,0.60086715,-22.741823
42,c1cc(-c2c(CNCCCn3cncc3)cn(-c3ccccc3F)n2)ccc1,0.60079354,-23.697897
13,c1(Nc2ccccc2C(NCCCC)=O)c(Cl)c(C)ccc1Cl,0.59987473,-23.325533
20,n1c2c(C)cccc2n2c1CCNCC2,0.59954906,-23.012941
51,O=C(NC1CC1c1cc(F)c(-c2ccc3c(c2)nccn3)cc1)c1n(C)nnc1C,0.5971595,-39.41279
122,c1ccccc1C(=Cc1ccccc1)C#N,0.59708655,-17.241623
2,c1ccccc1C(Nc1cnn(Cc2cccc(F)c2)c1)=O,0.5965065,-23.164623
65,c1(NC(c2ccncc2)=O)ccc(-n2c(C)c(C(=O)NCCOc3ccccc3)cn2)c(OC)c1,0.5964161,-35.875755
55,c1cc(N2CCOCC2)ccc1C(NC(=O)c1c(C)n2c(nnc2-c2cocc2)cc1)C,0.596333,-39.05642
120,Clc1cc(Cl)cc(OCCN2CCC(N(C)C(=O)Cc3c(C(F)(F)F)cccc3)CC2)c1,0.5957441,-27.16876
44,C1(=Cc2ccc(OCc3oc(-c4c(O)cccc4)nn3)c(OC)c2)c2c(cc(F)cc2)NC1=O,0.5944284,-29.524925
92,c1(-n2[nH]nc(C(=O)NCc3ccccc3)c2=N)nc2c(c(C)ccc2)s1,0.5941385,-27.610165
33,c1cc(-c2c(C)ccnc2)cc2c1C(NC(CCN1C(=O)CCCC1)=O)CC(C)(C)C2,0.59354794,-36.93566
78,c1ccc(CNC(=O)c2cccc(F)c2)cn1,0.5931556,-19.972464
66,c1ccc2nc3c4c(c(NCCCC)cc3nn21)C(O)c1c-4cccc1,0.59307975,-32.356567
61,c1c(OCC(N2CCCCC2c2cc(Cn3nccc3)no2)=O)cccc1,0.5924321,-24.267511
13,c1c(Cl)cccc1CCNC(=N)Nc1ccccc1,0.59174377,-23.165747
95,c1c(F)c(C(=O)Nc2cc3c(cc2)OC2C(CO)OC(CC(NCc4cccnc4)=O)CC23)ccc1,0.5915366,-28.042702
30,c1cc2ncc(-c3cnn(C)c3)nc2cc1-c1c(=O)n(CCC)ccc1,0.5914581,-30.855434
115,n12cnnc1ccc(-c1cccc(NC(=O)c3cccnc3)c1)n2,0.591316,-24.987757
51,C1(Nc2c(F)c(OC)ccc2)CN(Cc2ccncc2)CCC1,0.59082174,-28.292805
22,C(c1occc1)(Nc1ccccc1)=Nc1ccccc1OC,0.59053785,-23.20123
46,C1n2c3c(cc(C(NCc4c(OC)cccc4)=O)cc3SCC2)c(C)c1,0.5904938,-34.48627
75,c12ccccc1cnnc2N1CCN(C(NCc2cccnc2)=O)CC1,0.5902245,-26.133102
70,c1ccc2c(n1)n(-c1ccc(-c3cc(NS(=O)(Cc4ccccc4)=O)ccc3)cn1)cn2,0.5895803,-34.437878
87,c1ccc(-c2c3c(N4Cc5c(cccc5)CC4)nc(C)nc3sc2)cc1,0.5893276,-21.677433
53,c1cc(NCC(c2ccc(OC)cc2)=NO)ccc1,0.5890855,-22.6104
69,c1c(C2=Nn3c(nnc3C(C)c3ccc(-c4ccccc4)cc3)SC2)ccnc1,0.58880013,-22.332973
54,C1(=Cc2ccc([N+]([O-])=O)s2)C(Nc2ccccc2)=NC(=O)C1=Cc1ccc(C)o1,0.58877647,-32.74978
56,c1ccccc1-c1c2c(cc(OC)c1OC)C(C)=NC(C)C2,0.58870834,-25.702374
118,c1c(NC(=O)c2ncccc2)c(Cl)cc(Cl)c1C=C(c1nc(=S)[nH]c(C)c1)C#N,0.5883915,-39.954857
67,c1(=O)[nH]c2c(c(O)c1-c1cc(NC(=O)c3ccc(OC)c(OC)c3)ccc1)cncc2,0.5880742,-36.223953
2,c12cc(O)ccc1CCC(N(CCOc1ccccc1)CCC)C2,0.5878733,-22.66128
118,Fc1cc(-c2ncc(C)n2-c2cc(C)ccc2)cc(F)c1OC,0.5877075,-30.310879
29,c1c(C(=Cc2cc(Br)cnc2)C#N)cc(OC)c(OC)c1,0.5876626,-24.43495
29,c1cc(S(=O)(=O)NC(=O)NC2(C(=O)N3CCC(O)CC3)CCCC2)ccc1Br,0.5874246,-30.772478
104,c12c(ncc(=Nc3c(OC)cc4[nH]cnc4c3)[nH]1)cccc2,0.5873355,-28.07845
82,C1N(c2ccccc2OC)CCN(CCNC(=O)c2ccncc2)C1,0.5872909,-18.325195
38,c1ccc2c(c(=O)n(CC)[nH]2)c1,0.5868604,-18.476612
105,c1cccc2c1OCc1cc(OCCN3CCOCC3)ccc1-2,0.5867301,-23.727829
125,c1c(OCCN2C(c3cnccc3)CCC2)nccc1,0.5865432,-26.186651
48,c1(OC)ccccc1-c1c(NC(=O)c2ccncc2)[nH]cnc1=NCc1ccncc1,0.5864434,-32.157288
105,c1(-c2cccc3c2CC(=O)C(N)CC3)ccccc1,0.586225,-16.419796
66,c12c3[nH]cccc3ccc1nc(SCCN1CCCCC1)n2,0.5861997,-26.55388
35,C1N(CCC)C2Cc3c[nH]c4cccc(c43)C2C=C1C(C)O,0.5861724,-27.221882
117,c12ccccc1cc(C(=O)N1CCC(=S)Nc3c1cccc3)cc2,0.5861598,-28.78872
108,c12c(OCCN3CCC(NCc4ncc5c(c4)OCCO5)CC3)cccc1OCC(=O)N2,0.5859118,-26.663416
36,CC(n1cc(NC(=O)c2c(C)n(C)c(=O)cc2)cn1)C,0.5854989,-29.402197
107,c1(OC)ccc2c(nc(C(=Cc3ccc([N+](=O)[O-])cc3)C#N)[nH]2)c1,0.58459365,-25.360657
104,n1cc(=N)[nH]cc1-c1c(F)c(OCCc2ccc(C(=O)NC)cc2)ccc1,0.5844825,-30.707773
69,c1ccc(F)c(NC(c2nn3c(c2)NC(c2cccnc2)CC3C(F)(F)F)=O)c1,0.58430976,-26.516129
38,c1cc(OC)cc(-c2ccnc(C(Nc3ccc(OC(F)(F)F)cc3)=O)c2)c1,0.5842709,-23.179829
104,c1(C(=O)c2ccc(OCCN3CCCCC3)cc2)nc(-c2ccccc2)c[nH]1,0.5840958,-22.927462
72,c1(-c2c(=Nc3cc(F)ccc3)[nH]nc(C)c2)c(F)c(OC)ccc1OC,0.5840027,-31.409342
108,c1cnn(C(c2c(CCCc3ccccc3)cccc2)C)c1,0.5835492,-28.863008
100,c12cc(-c3c4c(c(=N)c(C(NCCC)=O)c[nH]4)ccc3)ccc1OCCO2,0.58345217,-28.72386
125,c1c(CN2CCOc3ccc(CNc4ccc(OC)c(Cl)c4)cc3C2)cccn1,0.5830095,-31.997658
16,C1N(Cc2cccnc2)CC2(CCN(C(=O)c3cocc3)CC2)OC1,0.5829923,-23.685516
106,[nH]1c(=N)ncc(-c2nc(N3CCOCC3)nc3c2CCN3C2(C)CN(C(=O)C3(C)COC3)CC2)c1,0.58286154,-20.224934
58,c1cccc2c1CC(C)N(C(=O)Cc1cccc(-n3cccn3)c1)C2C(=O)N,0.58264273,-33.417236
57,c1cc(C(NC(c2cc3scnc3cc2)=O)c2cccnc2)cnc1,0.582575,-30.533514
57,c1ccc(-n2nncc2)cc1C=C(c1ccc(C)cc1)C#N,0.58252543,-30.796421
120,c1c(N=c2[nH]c3cc(C)cc(C(NCC)=O)c3n2CC)cccc1,0.58200014,-32.056644
4,c1cccc2c1CCN(c1c3c([nH]cc3)nc(C)n1)C2,0.5814964,-24.462254
90,c1ccc(-c2c(C(F)(F)F)cccn2)cc1CC1CN(C(=O)CN2CCOCC2)C(C#N)C1,0.58081967,-38.491714
44,C1C2(CCN=C2NCCCN=c2cc[nH]c3cc(Cl)ccc23)CCN(C(=O)CCC)C1,0.5797101,-34.893772
17,COc1cc(C(c2ccc3c(cnn3C)c2)C(=O)NCc2ccccc2)ccc1,0.5796809,-32.261932
44,C12C3(C)C(=CCC1C1C(C)(CC2)C(n2[nH]c4ccccc4c2=O)=CC1)CC(N1CCNCC1)C(O)C3,0.57936174,-37.033653
67,c1cccc(NC(=O)c2ccc3c(c2)CN(c2cncnc2)CC3C)c1C(NCC)=O,0.578916,-29.392433
56,C(CCCNC(c1cc(-c2ccccc2)on1)=O)C,0.57876897,-20.804598
54,c1ccc2c(c1)CCN=C2c1c(=O)n(-c2ccccc2)n(C)c1C,0.57873696,-23.927889
60,c1c2c(ccc1)CC(C)N2S(=O)(=O)c1cc(C(=O)NCc2ccncc2)ccc1,0.5785453,-22.5044
56,c1(C(NCCCCN2CCN(c3ccc(F)cc3)CC2)=O)cccc2c(C)c(CC)[nH]c12,0.57835865,-29.892868
107,N1(CCCN=c2[nH]cc3c4cn[nH]c4ccc3c2)CCCC1=O,0.5782144,-30.294367
62,C(n1ncc(NC(=O)c2c3c(on2)CCC(C(C)(C)C)C3)c1)c1ccccc1,0.5770323,-23.555058
16,C1(n2c3[nH]c(SC)nc(=O)c3cn2)OCCC1,0.5770147,-24.947704
90,c1(C2CCN(CCOc3cc(F)ccc3C)CC2)c2c3c(ncc2)OCC(=O)n3c1,0.57658637,-32.86712
119,c12c(CCN(C)C)c[nH]c1c(C)ccc2C,0.57646775,-19.92888
3,C(c1ccc(C)cc1)N1CC2CC(Cn3cccn3)OC2CC1,0.57558256,-26.619202
36,c12cc(S(=O)(Nc3cccc(C)c3)=O)ccc1S(=O)(=O)C=C2,0.5755526,-23.776857
41,C1c2ccccc2CN(c2nc(Cl)cnc2)C1,0.5754966,-22.844767
47,c1(N=C(c2ccc(OC)cc2)Nc2ccccc2)ccc(OC)cc1,0.57477105,-19.994877
70,c1(=O)ccc(-c2cc(C(N3CC(c4ccc(C#N)cc4)C3)=O)c(C)cc2C)n[nH]1,0.5745591,-23.059969
78,C1c2ccccc2CN(c2nc(-c3ccncc3)cc(=O)n2C)C1,0.5745088,-21.231663
42,c12cc(C(Nc3cn(CCNC(=O)C)nc3)=O)nn1CC1(CC(=O)N(c3cccc(OC)c3)C1)C2,0.5742069,-39.75179
76,n1cccc(CNC(=O)c2ccc(OC)c(OC)c2)c1,0.57416797,-19.136318
108,c1c(OC)cc(N=C2c3c(nccc3)C(=O)C=C2Cc2ccc(N(CC)CC)cc2)cc1,0.5740974,-38.14311
89,Cn1c2ccc(C(=O)NCc3cnccc3)cc2n(CCCC)c1=N,0.5740886,-26.501953
124,n1cccc2nc(-c3nnc(SCC#N)o3)cn12,0.57395625,-27.201393
32,n12cccc1C(c1ccccn1)N(C(c1cnccc1)=O)CC2,0.5732081,-25.078066
39,c12c(nccc1)C(=O)C=C(c1ccccc1)C2=O,0.5728286,-21.729095
48,c1cc(NC(=O)c2cccnc2SC)ccc1,0.57246417,-18.92247
123,c12c(c(=NCCNC(C)=O)c3cccc(C(=O)NCCN(C)C)c3[nH]1)cccc2,0.57236785,-25.633656
37,n1c2c(cccc2)oc1-c1sccc1NC(=O)c1cnccc1,0.5720295,-27.202524
65,[nH]1nc(C(NCc2cccnc2)=O)c(=O)c2ccccc12,0.57178146,-23.05045
73,c1(N2CCCC2)c(C(=O)NCCC2=CCCCC2)cccn1,0.5716506,-24.228289
78,N(CCOc1ccccc1)C(c1ccc(Cn2cc(Br)cn2)cc1)=O,0.5716046,-24.320103
122,N1(C(=O)C(CC)C)Cc2ccccc2C1CNC(C)=O,0.57141745,-32.20328
28,c1oc(O)cc1CN1Cc2ccccc2CC1C,0.570979,-28.06084
112,c1c(=NC(c2c([S+](C(c3ccccc3)c3ccccc3)[O-])nccc2)=O)cc[nH]c1,0.57088506,-22.399233
0,c12c(n(-c3ccccc3OC)nn1)nc(C)nc2N1Cc2c(=O)n(C)cnc2CC1,0.5705868,-34.912136
75,N(c1cc2c(N3CCNCC3)ncc(-c3cscn3)c2nc1)c1c(Cl)cccc1,0.57028615,-42.237965
40,C(S(CC(NCCCN1CCCCCC1=O)=O)(=O)=O)CC,0.57027817,-28.02587
106,CN(C)CCNC(=O)c1ccc(N=c2[nH]cc3c(n2)-c2c(nn(C)c2Cc2cccc(-c4cnn(C(C)C)c4)c2)CC3)c(OC)c1,0.5695585,-29.0284
26,c12c3c([nH]c1-c1ccccc1CC(CC)(C)O2)c(C(=O)NCCN(CC)CC)[nH]c3,0.5691324,-39.549202
33,c1(Cc2n(C)nc3c2-c2nc(=Nc4cnn(CC)c4C)[nH]cc2CC3)ccccc1,0.568951,-22.928183
33,c1cc(CCNC(CSc2nn3ccc(C)nc3n2)=O)ccc1Cl,0.56850463,-26.937923
118,n1nc(-c2ccccc2)n2c1ccc(-c1cccc(NC)c1)c2,0.5681839,-27.187235
24,C(=O)(c1c(-c2ccc(OC)cc2)cn[nH]1)NC(CC(=O)N1CCCCCC1)C(C)C,0.5676012,-42.31534
41,C(c1cccnc1)NC(=O)C1(c2cccc(OC)c2)CC1,0.5674078,-23.924944
13,c12ccccc1N(Cc1c(C)cc(C)cc1C)C(=O)C(NC(=O)CC(C)(C)N)CC2,0.5673576,-26.085098
18,c1ccc2c(nccc2)c1-n1c2c(nn1)cc(C(NCc1cnccc1)=O)cc2,0.5671853,-34.679142
12,COc1cc2c(cc1OC)Cc1c(=Nc3cccc(Cl)c3)[nH][nH]c1-2,0.56688666,-20.766096
48,c1c(-c2c3c(ccc2)[nH]cc3)ccc2c1CC(NS(C(C)C)(=O)=O)C2,0.56662846,-26.023592
76,C1CN(CC(c2ccccc2)c2ccccc2)CCC1n1c2ccccc2[nH]c1=O,0.5665098,-19.147617
49,c1(Cl)c(Cl)cc2c(c1)NC(=O)C2(O)c1c(C)nccc1,0.5663633,-25.261885
68,c1cccc(F)c1NC(CSc1[nH]c2n[nH]cc2c(=O)n1)=O,0.5661781,-20.462639
4,N1(c2ncc(-c3nc4cc(OCCN5CCOCC5)ccc4[nH]3)c(=NCC3OCCC3)[nH]2)CCCCC1,0.5661217,-38.406616
120,C(Nc1ccc(C(=O)NCc2cccnc2)cc1)(=O)c1ccccc1F,0.5658747,-23.66995
69,C1CCCCCN1S(c1cccc(C(=O)NCc2cccnc2)c1)(=O)=O,0.56577754,-21.51271
1,N1n2c(nnc2-c2cnccc2)SC(c2ccccc2O)C1=Nc1ccc(OC)cc1,0.56575483,-32.991653
72,C1Oc2c(ccc(NC(c3cccnc3SCc3cnccc3)=O)c2)OC1,0.56573975,-28.169947
51,C1N(CCON=C2c3c(nc4ccccn4c3=O)-c3c(cc(OC)c(OC)c3)C2)CCOC1,0.5656841,-27.940712
103,c1(NC(C(c2ccccc2)c2ccccc2)=O)cnn2c1CCCC2,0.56544197,-26.850992
92,C(N1CCC(Cc2ccccc2)CC1)(CCc1ccc(OC)c(OC)c1)=O,0.56459403,-23.615543
127,s1c2c(c(C(NCc3cnccc3)=O)c1CC)cccc2,0.5645704,-28.712261
38,c1ccc(CC2(Cc3cccnc3)c3ccccc3CCc3c2cccc3)cn1,0.5645176,-25.829361
6,c1cc(-c2cnn(CC)c2)ccc1-c1nc2c(cccc2C(N)=O)[nH]1,0.56432986,-25.05339
92,c1cc(NC(c2c(=O)n(-c3ccccc3)c3c(c2)C(=O)CCC3)=O)ccc1Cc1ccncc1,0.56414145,-25.917202
25,c1cccc2c1CN(Cc1cn(C)nc1)CC(COC)O2,0.56406754,-25.814888
96,c1(-c2cc(=NC(c3cccc(-c4cnc(Cl)nc4)c3)C)[nH]c(C)n2)ccc2c(cccn2)c1,0.56387633,-29.23129
81,c1c2cccc(-c3ccccc3)n2c(-c2ccc(F)cc2)c1,0.56376326,-27.396265
52,c1(=S)[nH]nc(C2CC2c2ccc(OCCN3CCCC3)cc2)n1-c1ccccc1,0.56373537,-28.705002
101,O=C(Nc1cccc(F)c1)Nc1cc(OCCN2CCCC2)ccc1,0.56367886,-22.389687
112,c1cccc2c1C(=O)C(=O)c1cc(OCCN(C)C)ccc1-2,0.5636473,-23.990473
69,c12ccccc1Cc1c(N3CCC(NCc4cnn(CC)c4)CC3)nc(C)nc1CC2,0.5633359,-36.242325
18,Cc1c(N=c2nc(Cl)[nH]c3c2c[nH]n3)c(OC)ccc1,0.563075,-26.505579
118,c1cc(NS(=O)(c2cc(N3CCNCC3)c(OC)cc2)=O)ccc1-c1ccccc1,0.5621253,-20.529696
73,c1ccccc1-c1nc(=Nc2c(OC)cc(N(CCN(C)C)C)c(NC(=O)C=C)c2)[nH]cc1Cl,0.5621239,-21.887444
20,c1cc(-c2cccc(-c3nc(C(NCCO)=O)ncc3)c2)ccc1,0.56175864,-25.555517
52,C(C(c1ccccc1OC)N=c1[nH]c(-c2ncccc2)cs1)(NC)=O,0.5617532,-30.134687
42,N1(c2c(OC)cccc2)C2C(CN(Cc3cn(C)nc3)C2=O)CCC1,0.56171036,-33.455734
91,n1c2c(nc(OCC)nc2N2CCc3ccccc3C2)cnc1,0.56170696,-29.389914
70,c1nccn1CCCn1ccnc1-c1nc2ccccc2c(=O)n1-c1ccc(-c2cccs2)cc1,0.5616389,-35.317074
119,O=S(c1ccc(S(=O)(=O)Nc2cc(NC)ccc2)cc1)(N(C)C)=O,0.5615611,-31.472244
116,c1cc(NC(NC(=NC(Cc2ccccc2)=O)Cc2ccccc2)=N)ccc1,0.5610761,-27.409254
108,C1N(c2cc(C(NCCCC)=O)ccn2)CCC1N1Cc2c(cccc2)CC1,0.5609796,-35.701546
93,c1ccc(NC2CN(C(c3ccc(-n4nccc4C)cc3)=O)CCC2)cc1,0.56087744,-26.529057
24,C(CN1C(C)Cc2ccccc2C1)C(N=c1sc(S(=O)(=O)N)n[nH]1)=O,0.5600948,-31.288849
48,CC(c1cccc(-c2cnn(Cc3cccc(N)c3)c2)c1)=O,0.55996585,-28.938898
93,c1cccc(-c2cc(=O)c3c(o2)cc(OCCN2CCNCC2)cc3O)c1,0.55970114,-21.355968
113,c1cc(-c2ccccc2)nc(N2CCSCC2)n1,0.5596452,-21.600254
126,c12sccc1c(=NCc1cccnc1N(C)S(=O)(C)=O)[nH]c(=NC)[nH]2,0.55917454,-30.506618
84,c1cccc2nc(C(F)(F)F)cc(C(NCc3cccnc3)=O)c12,0.55914205,-25.024445
2,c1cc(C(Nc2cnc(Cl)cc2)=O)ccc1-c1ccccc1,0.5590344,-19.919085
114,c1cncc(C(=O)Nc2cnn(S(=O)(=O)c3cccc(Cl)c3Cl)c2)c1,0.55818975,-26.224556
47,c1cc2c(cc1)C(NC(=O)COCCN1CCN(c3cc(OC)ccc3)CC1)CCC2,0.5580464,-28.67603
48,c1ccnc(Cc2c(Cl)c(O)c(CN3C(C)CN(Cc4ccccc4)CC3)cc2)c1,0.5579584,-34.245823
26,N(c1cc(CNc2cc3cn[nH]c3cc2)ccc1)Cc1ncccc1,0.5575024,-31.671076
25,c1cccc(NC(=O)Nc2cccc(F)c2)c1OCCN1CCCC1,0.55749667,-23.726149
122,C1CN(C(CN(C)C)=O)Cc2c(OC)cccc2N1Cc1c2c(n[nH]c2)ccc1,0.5573759,-38.717674
69,C1N(c2ccc(C(=O)NCc3cnccc3)nc2)CC1c1c2n(cnc(=N)c2)[nH]c1,0.5571907,-40.060318
74,c1c(COC2C3C(CCN(Cc4ccccc4OC)C3)OC2)c[nH]n1,0.5571824,-34.374626
45,NC1CCN(c2n(C)ncc2NC(c2nc(-c3c(F)cccc3F)sc2N)=O)CC1N,0.55683744,-20.442944
93,O(c1ccccc1N1CCN(CCCn2[nH]c(-c3ccccc3)c(-c3ccccc3)c2=O)CC1)C,0.55676895,-26.402115
0,O=C(c1c2c(nc3ccccc13)-c1ccccc1C2=O)NCc1cccnc1,0.5567314,-23.616524
28,c1cc(-c2nc[nH]c(=NC(c3ccccc3)C)c2)ccc1Oc1ccc(C#N)cc1,0.55673105,-28.285442
120,c1(N)ccccc1SCc1cnccc1,0.5564323,-21.003958
32,C(c1ccncc1)NC1CC2C(C)(C)C(C2)C1C,0.5564282,-21.274086
122,n1c2ccccc2c(C(=O)N2CC(n3cccn3)CCC2)cc1,0.5560972,-22.399147
7,c1cc(OC2CCN3CCc4cc(OC)ccc4C32)c(C(NCC)=O)cc1,0.55601496,-38.74045
33,[nH]1c2n[nH]cc2c(=Nc2ccc(OC)cc2)c(C)c1,0.5556121,-25.578306
62,n1(CC)cc(Cl)nc1SCc1nnn(-c2ccccc2)c1,0.5551921,-32.19274
84,c12c(=NCCO)nc(-c3ccccc3)[nH]c1n[nH]c2,0.55427676,-22.783625
67,c1c(CN(CC)c2nc(=N)[nH]c(C)c2)ccc(-c2ccccc2-c2n[nH]nn2)c1,0.5542746,-25.744568
26,c1cc(C(NCC2CC3(CN2C(c2ccccc2C)=O)CC3)=O)cnc1,0.5538183,-32.774574
55,N(C(=O)C1OC(n2c3nc[nH]c(=N)c3nc2)C(O)C1O)C(Cc1ccccc1)c1cccnc1,0.55377936,-30.802631
86,[nH]1c(C(=O)Nc2c(F)cc(-c3ccccc3)cc2F)cc(C(=O)NCc2ccncc2)n1,0.5535533,-30.857372
51,c1cc(-c2cc3c(cc2)[nH]ccc3=Nc2ccc(OCCN3CCCC3)cc2)ccc1,0.5535245,-25.394665
109,C1CC(N=c2nc(N3CCc4ccccc4C3)nc[nH]2)CCC1,0.5533946,-21.896439
58,N(C)(c1ccc2c(c1)C(c1cccnc1)C(C#N)C(=N)O2)C(C)=O,0.5532344,-26.910324
55,NC1CCCN(c2cc(=O)n(CC(C)(c3c(Cl)cccc3)C)nc2)C1,0.5528165,-32.39362
62,n1c2c([nH]c1-c1cccc(-c3cc(NCc4cnccc4)ccc3)c1)CN(C(NC)=O)CC2,0.55273676,-36.21499
88,C(c1ccccn1)NC(=O)c1ccc2[nH]c3c4n(C(C)C)c(=O)n(CCCC)c(=O)c4oc3c2c1,0.5525012,-41.80671
50,c1(OCCC)cccc(C=C(c2ccccc2)C(NCc2ccc(C(=O)NCCC(=O)N)cc2)=O)c1,0.55245465,-37.811516
6,c1c(OCCN2CCCCC2)cc(NC(Nc2ccc(Cl)cc2)=O)cc1,0.55231875,-20.991987
0,c1cc(-c2nc(C)[nH]c(=NC3c4c(cc(OC)cc4)CC3O)c2)cc2cnn(C)c12,0.55212146,-31.019587
6,c1c(F)c(OCc2cc(C(=O)NCc3cscc3)no2)ccc1,0.5516429,-25.464298
45,c1(C(CNC(c2c(C#N)cccc2)=O)Cn2cccn2)ccccc1,0.5516385,-31.95985
89,O(c1cc(C(=Cc2ccc(OC)c(N)c2)C#N)cc(OC)c1OC)C,0.5515418,-21.900242
75,C1(=O)C=C(c2n(-c3ccccc3)ncc2)CC2N1CCc1cccc(OC)c12,0.5514293,-33.410492
50,c1cc2c(cc1)CCN(S(=O)(=O)c1cnc(Cl)cc1)C2,0.55128294,-21.40924
102,c1(C)c(Cl)cccc1N=c1c(C#N)c[nH]c2c1n(C)c(=O)n2C1CCN(C(=O)CC#N)CC1,0.5511896,-40.81378
102,C(c1cccc(Cl)c1F)N1CCNC(=O)C1CC(=O)N(C)Cc1cnccc1,0.55110526,-25.325415
43,C1(Cn2nccc2)OCCN(Cc2cnc(C)cn2)C1,0.55107033,-22.06738
109,c1cc(OCCN2CCN(c3ccc(Cl)cc3)CC2)ccc1-c1ccccc1,0.5509585,-21.628506
19,CN(CCC=C1c2c(cc(C)cc2)C(c2ccc(OCCN3CCCC3)cc2)C1)C,0.55095154,-27.695377
86,c1cc2c([nH]c3ccccc3c2=NC2CCNCC2)c(C)c1C,0.55092865,-26.931402
105,s1cc(CCC(=O)NS(Cc2ccccc2)(=O)=O)cc1,0.5508757,-26.331459
107,c1cc(-c2ccccc2NC(c2c(C)nns2)=O)ccc1,0.5508244,-21.982578
29,c1cccc(NC2=NCCN2)c1,0.5505931,-16.522621
68,O=C(N1C(C)CN(Cc2cccnc2OC)c2ccc(Cl)cc2C1C)NCCS(=O)(C(C)C)=O,0.5504527,-43.420986
3,n1(-c2[nH]c(=N)c3c(n2)n(C2C(O)C(NC(=O)c4ccc(F)cc4)C(C)S2)nc3)cncc1,0.55044013,-39.81568
58,c1c(-c2ccc(Cl)cc2)c(C(Nc2cnn(CCOC)c2)=O)ccc1,0.55001426,-25.686481
60,c1c(-n2c(-c3ccccc3)cc(C)n2)ccc(NC(=O)c2cccnc2)c1,0.5497356,-25.339294
120,c1cc(C(=O)N(Cc2c(=O)[nH]c3c(c2)cccc3C)Cc2cccnc2)cnc1,0.5497267,-26.266603
34,[nH]1c2c(cc(NC(=O)c3c(C)ccc(NC(=O)c4cccc(C(F)(F)F)c4)c3)cc2)ncc1=Nc1cn(C)nc1,0.5497002,-34.734535
45,c1(-c2csc3c2c(=N)nc[nH]3)ccc(OCCN(C)C)cc1,0.5493921,-24.502665
109,c1c2c(cc(O)c1)OC(CNC)Cc1c-2cccc1,0.5492114,-23.493084
23,c1(F)cc(CN2CC3(C(=O)NCc4cccnc4)COCC3C2)ccc1,0.5490107,-26.944628
84,c1(=NCc2cccnc2)c(C2CC2)c[nH]c(=Nc2cn(CCOC)nc2)[nH]1,0.548775,-24.225687
42,c1c2c(ccc1)C(N(C)Cc1cnn(CC)c1)CN1C2CCC1,0.5485335,-31.96665
87,C1CC(CN=c2c(-c3cccc(C#N)c3)c[nH]cn2)CCC1NC,0.54851955,-29.544744
49,c12c(cc(-c3c(C)cccc3C)cc1)CCc1n-2c(-c2ccc(OCC)cc2)nn1,0.5482746,-27.85722
36,c1nc2c(cc1)C(C(NCCCC)=O)c1cc(Cl)ccc1O2,0.54814947,-25.915195
3,c1cccc(CNC(=O)c2cnn3ccccc23)c1C,0.5475962,-22.617384
9,O=C(c1c(NC(=O)c2ccc(NC(=O)C)cc2)nccc1)c1ccccc1,0.54733735,-30.207775
71,c1ncc2n(CCN3CC4CN(CC(N)=O)CC4C3)c(=O)n(-c3cccc(OC)c3)c2c1,0.547284,-35.35247
114,C1N(C(C=C)=O)Cc2c(cccc2)C1CNC(=O)c1c(Cl)c(Cl)ccc1,0.5469062,-32.198036
60,c1cc(NC(c2csc(N3Cc4c([nH]nc4)CC3)n2)=O)c(-c2ccncn2)cc1,0.546777,-35.835335
96,S(CC)c1c(C(NCc2ccncc2)=O)cccc1,0.54670805,-23.402424
79,c1(SCCCC)nc2c(cc1C)c[nH]n2,0.5466187,-28.254536
57,C1OCCN(c2nccc(-c3ccccc3OC)n2)C1,0.5461132,-21.382078
108,N(C(=O)c1cccnc1SC)Cc1cccc(Cl)c1,0.5461008,-21.743149
119,c1(-c2ccccn2)n(Cc2ccc(OCCN3CCCCC3)cc2)cnc1,0.5459655,-23.830505
31,O(c1ncc(C(=O)NC)c(-c2ccccc2C)n1)c1cc(F)ccc1,0.54596484,-28.552994
10,n1cc(-c2cc3n(c(C4CC4)nn3)cc2-c2cccc(C#N)c2)sc1,0.5459006,-32.96843
17,O=C(c1c(F)ccc(N=c2c3ccc(OCCN4CCOCC4)cc3[nH]nc2C(=O)N)c1)Nc1cc(C(F)(F)F)ccc1,0.5458647,-39.752052
95,C1=C(N2CCc3ccccc3C2)CCc2cc(OC)c(OC)cc21,0.5457954,-25.2249
87,c1c(OC)c(N=Cc2c(O)c(C(C)C)cc(C(C)(C)C)c2)ccc1,0.54578555,-26.688711
28,C(c1ccccc1)n1nccc1C(NC1CCN(C2CCCCC2)C1)=O,0.5457591,-26.581291
101,C1(NS(=O)(=O)c2c(Oc3ccc(F)cc3)ccc(-c3cn[nH]c3)c2)CCCC1,0.54543275,-33.507637
78,Oc1ccc(C=C2CCCN3C(c4ccc(C)cc4)COCC23)cc1,0.5452674,-29.805456
75,c1cncc2nc(-c3ccccc3)n3c4c(cccc4)nc3c12,0.54521066,-27.887383
127,c1(CCCCNC(n2cccn2)=O)c(OC)cccc1,0.54520726,-24.059628
117,O=C(NCc1cccnc1)C1CC2C(Cc3c(c4c([nH]3)cccc4)C2)N(C)C1,0.54506385,-29.077436
109,C(c1cc2n(-c3ccccc3C(N)=O)cc(C(=O)NCCC(N3CCCCC3)=O)c(=O)c2cc1)(O)C1CCCC1,0.544814,-53.442116
4,C(NCc1cnn(C)c1)(c1ccc2c(c1)c(-c1ccc3c(c1)CCO3)n[nH]2)=O,0.5444523,-30.860798
111,c1(OC)cc(N=C2CC(=O)c3cccnc3C2=O)ccc1,0.54412234,-21.937525
43,C1(c2ccccc2)CCCc2sc(NCc3cnccc3)c(C#N)c21,0.5437852,-27.129921
108,C1N(C(=O)c2c(-n3nccn3)cccc2)C2CCc3cccnc3C2CC1,0.54365414,-27.564163
80,S(=O)(=O)(NC1Cc2cc(-c3ccccc3)ccc2C1)C,0.5435877,-24.253525
5,c1(-c2nc(C(NCCc3cscc3)=O)ccc2)ccccc1,0.54346925,-25.67985
8,C1c2cccnc2N(c2c(Cl)cccc2Cl)C(=O)C1NC(Nc1ccccc1)=O,0.54278165,-28.809649
122,n1c(C)cc(C2c3ccc(-c4ccc(F)nc4)cc3CN(C)C2)[nH]1,0.5427081,-30.682554
6,N1(C(CCC2CN(C(=O)c3nn(-c4ccccc4)nc3)CCC2)=O)CCCC1,0.5426566,-27.020845
48,n1c(-c2c(N)c(C(c3coc(-c4ccccc4)n3)=O)n3c2cccc3)sc2ccccc12,0.54260504,-36.68791
92,C(c1nc(-c2cc(OC)c(OC)cc2)no1)N(C)C(C)Cn1nccc1,0.5426005,-28.642033
99,c1(OC)ccc2c(=O)c(-c3n[nH]c(=O)n3N=Cc3ccccc3)cn(CC)c2c1,0.54255927,-29.892355
76,c1c2c(cc(NC3CCN(Cc4ccc(Cl)cc4)CC3)c1)n[nH]c2,0.54251665,-24.346014
115,c1cc(CNC(c2c(C)nc3c(c(=O)[nH]c4c3cccc4C(F)(F)F)c2)=O)ccc1C,0.54238814,-32.136986
123,C(c1cnccc1)N(C(=O)NCc1cscc1)C,0.54234517,-25.483768
94,CC(C)n1ncc2c1CC(c1ccccc1)NC2=O,0.5422774,-22.386156
94,c1(Cc2n[nH]c(=NC(c3[nH]nc(-c4c(OCCC)ccc(Cl)c4)c3)=O)s2)ccccc1,0.5421586,-28.797207
33,N1(Cc2ccsc2)C(=O)CCCCC1c1c(OCC)cccc1OC,0.54215103,-25.320217
91,c1(-c2n[nH]cc2C=C2SC(=N)N(c3sccn3)C2=O)ccccc1,0.54191035,-18.070515
30,c1ccc2c(c1)Cc1c(cccc1)CC21CC(=O)N(CCOC)C1=O,0.5418721,-24.902695
83,c1cccc(C(=C(c2ccc(OCCN(C)C)cc2)c2ccccc2)CCC)c1,0.5417312,-20.131823
70,O=S(=O)(c1cc2c(cc1)OCCO2)NCCC(=O)N1CCCC1,0.5414336,-22.501219
75,c1cc(OCCN2CCC(c3cccc(NC(=O)C(C)C)c3)CC2)c(OC)cc1,0.54137146,-24.15429
62,c1(C(Nc2cccc(-c3nc4c(ccc(NC(c5ccc(Cl)c(Cl)c5)=O)c4)[nH]3)c2)=O)ccoc1,0.54120666,-33.68777
110,c1cc(-c2ccccc2)cc2sc(C(c3oc(=NC(=O)N)[nH]c3)=O)nc12,0.5410525,-26.257942
63,c1c(Cl)cccc1C(NC1C(n2ncc(C)c2)CCC1)=O,0.5408167,-29.038528
44,c1cc2c(c(Nc3ccc(OCCN(C)C)cc3)c1)C(=O)c1ccccc1C2=O,0.5407357,-24.924313
77,c1c(NC(c2nc(-c3cc(-c4c[nH]nc4)ccc3)c[nH]c2=N)=O)cncc1,0.5405989,-25.91386
50,C1(=O)N(CCCC(=O)N2c3ccccc3CCC2)C(=O)c2ccncc21,0.54058623,-26.44784
41,c1cc(O)c(-c2n(-c3ccccc3)nc(C(=O)NC)c2)cc1,0.540415,-25.015049
29,N1(C(c2ccncc2)=O)c2ccccc2CCC1,0.540351,-18.62762
77,c1ccc2c(c1C(NC(C)=O)c1cc(F)ccc1)[nH]cc2,0.5402333,-29.826595
100,C(C)NC(c1ccc2c(c1)N=C(C)c1c(cccc1)S2)=O,0.54017407,-25.344822
98,O(c1c(OC)c(OC)cc(C=CC(=O)c2c(O)cccc2OCCN2CCCCC2)c1)C,0.5399693,-25.193455
36,O1CCN(CCOc2cc3nc[nH]c(=Nc4ccc(NC(c5ccccc5)=O)cc4)c3cc2OC)CC1,0.53968066,-22.228554
28,C1C(O)CCc2c1cc(-c1cc(C)ccc1F)cc2-c1ccccc1,0.5391183,-37.06453
92,C1(N)CN(c2c(NC(C3CCCN3CCOc3ccccc3)=O)ccc(C(F)(F)F)c2)CCC1,0.5391132,-34.87757
103,c1cc(F)ccc1-c1ccc(CN=c2c3c([nH]c(C)c2)c(C(N)=O)ccc3)cc1,0.5388604,-25.327053
97,c1cc(F)ccc1N=c1c2c([nH]cn1)cc(OCCN1CCCCC1)c(OC)c2,0.53881633,-24.153294
124,N(c1cc(CN2C(=O)C(NC(=O)c3ccc4c(cccc4)c3)CCc3c2cncc3)ccc1)C,0.5385908,-45.104336
27,c1(C(=O)NCc2occc2)cccnc1SCc1cc[nH]c(=N)c1,0.53849673,-26.474854
47,N1CCN(CCN=Cc2c(O)ccc(OC)c2)CC1,0.53847235,-21.68082
124,c1cc(NC(=O)c2ccccc2NCc2cnccc2)ccc1OC,0.5384324,-22.123539
49,c1ccccc1Cc1ccc(-c2scc(-c3cccs3)c2C=C2C(=O)Nc3c2cc(Cl)cc3)cc1,0.53842896,-40.70657
126,c1ccc(CNC(=O)CSc2nnc(-c3c(Cl)c(CC)nn3C)o2)cn1,0.53833586,-25.960365
119,c1c(C(=O)NCCCN2Cc3ccccc3CC2)cnc(CC)n1,0.53832936,-27.95153
13,C(c1n(-c2nc(-c3ccccc3C)ncc2)ncc1C#N)C,0.5382577,-30.441412
121,c1(CC(N2CC(F)CC2COc2ccc(C#N)cc2)=O)c(C(=O)NS(=O)(C)=O)cccc1,0.5381872,-34.269737
114,N1(c2scc(-c3c(OC)cccc3)n2)CCc2cccc(C(=O)N=c3[nH]c4c(cccc4)s3)c2C1,0.53777516,-28.981268
0,Cn1c(-c2c(NC(c3nc(-c4c(F)cccc4F)sc3N)=O)cnn2C)ncc1,0.53758615,-26.46363
29,C1N(C(c2ccccc2-n2nccn2)=O)CC2CN(c3nc(-c4ccccc4)c(C)cn3)CC12,0.53750885,-24.166424
42,N(c1ccc(-c2c3cc(C(=O)NCCOCCO)ccc3[nH]n2)cc1)C(c1cnn2c(C)cccc12)=O,0.5374648,-47.964508
90,C(c1cnn(C)c1)N(C)Cc1nc(-c2ccccc2)no1,0.5373826,-23.057795
58,C1(C)(C)Cc2nc(C)cc(C)c2C=N1,0.53725994,-21.31184
49,Cc1nn(CC2CN(Cc3cccnc3OC)CCO2)c(C)n1,0.5372338,-22.157726
65,n1cccc(C(NCCc2ccc(OCc3ccccc3)cc2)=O)c1,0.5371118,-23.563665
56,C1N(CC(C)(C)C)CC2CON(C)C1C2,0.53702193,-22.931923
39,c1c2c(ccc1)c(C(c1no[n+]([O-])c1C(=O)NC)=O)c[nH]2,0.53653663,-29.964931
51,c1n(C(CC(=O)N2CCCCCC2)c2cccc([N+](=O)[O-])c2)ccn1,0.5363131,-31.053427
60,O=c1n(N(O)C)c(-c2ccccc2)cc(-c2ccccc2)c1C#N,0.5362904,-28.09608
25,C1C(CNCC2CCOC2)CCN(c2[nH]c3cc(OC)c(OC)cc3c(=Nc3c(F)cccc3)n2)C1,0.5360085,-36.257046
126,[nH]1c2cc(=NC(=O)NC(c3ccccc3)C)[nH]cc2c(=NC(=O)C)[nH]1,0.5357326,-20.590101
60,N1(C(CCc2cccs2)=O)CCC2(CC1)OCCN(c1ncccc1)C2,0.5356678,-28.121525
106,C(C(Nc1cc(NC(c2ccccc2OC)=O)ccc1)=O)(N1CCOCC1)c1cnn(C)c1,0.5352162,-33.71768
10,C(=C1c2c(cc(F)cc2)CC1C(=NO)O)c1ccc(OCCN2CCOCC2)cc1,0.53505075,-33.98367
35,c1(-c2ccc(C(NCc3cccnc3)=O)cc2)cc[nH]c(=N)c1,0.53480315,-28.567928
126,c12c(cccc1)[nH]cc2CCNC(c1nnnn1-c1c(C)c(CCOC)ccc1)=O,0.5347843,-39.09096
111,c1cc(C(=O)N2CCC3(CCC(C(Nc4ccccc4)=O)O3)CC2)ccn1,0.53477573,-25.759052
91,C1C(CN(c2cc(-c3ncncc3)cc(NC(c3ncccc3C)=O)c2)C)C1,0.53476965,-36.075665
47,c1cc(-c2cc(C(Nc3ccc(-c4ccccc4)cc3)=O)ncc2)ccc1,0.53473824,-24.08958
15,c1cc(C2=C(c3ccsc3)C(=O)C3(N4CCCC4)C4CC(CC4)C23)ccc1,0.5346927,-29.944065
115,n1ccc(CN2CCc3c(cccc3)C(c3sccc3)C2)nc1,0.5344423,-30.706398
39,c1c2[nH]cc(CCNC(=O)CCc3cccnc3)c2ccc1,0.53443295,-23.672918
102,C(n1nccc1)c1c(OCC)ccc(-c2ccc(S(NCCO)(=O)=O)cc2)c1,0.53406215,-36.042904
124,FC(F)(Oc1ccc(NC(=O)c2c(NCc3cccc4cncnc34)cnn2C)cc1)F,0.5337135,-31.409037
18,c1n(-c2c(C(=O)NCc3c(Cl)cccc3F)cccc2)ncc1,0.5336053,-25.9515
31,N(c1cc(Cl)ccc1OC)C(c1ccc(Oc2ccccc2)cc1)=O,0.533549,-23.733215
123,c1c(-n2c(C)cc3[nH]c(=O)ccc32)ccc(OCC(=O)NCCO)c1,0.5335456,-37.502773
121,c1(NC(=O)c2cnn3c2cccc3)cccc(-c2noc(C3CC4(COC4)C3)n2)c1,0.5334859,-33.15571
93,O=C(N1CCCC1c1ccc(F)c(F)c1)CCC(=O)N(CCCCC)CCCCCC,0.5330578,-35.575706
112,O(c1c(S(Nc2cc(-c3cc(C)cc(NC=O)c3C)ccc2)(=O)=O)cccc1)C,0.5329918,-35.875893
84,c1cc(C=Cc2nc3c(cc2)cccc3)ccc1OCCN1CCCC1,0.53294474,-20.861244
110,C1N(C(c2cc(NC(=O)Cc3ccc(NC(C4CCN(C(=O)C5(N(C)C)CCCCC5)CC4)=O)cc3)ccc2)=O)CCN(C(C)C)C1,0.53287154,-34.234962
124,c1cc(-c2nc3c(cccc3)[nH]2)cc(NC(c2c(C(N3CCCCC3)=O)cnn2C)=O)c1,0.5324409,-29.618101
97,c1c(-n2c(SC)nnc2CN2CCOCC2)cccc1,0.5323568,-22.424316
20,C1(CNCc2ccc(-c3ccccc3)o2)COc2c(cccc2)O1,0.53228986,-22.659426
89,c1cc(C#N)ccc1C1CN(C(c2cc(-c3c(C)c[nH]c(=NC4CCC4)n3)c(C)cc2)=O)C1,0.5322447,-26.048292
59,C1OCCN(c2ccc(NC(c3cnn4ccccc43)=O)cc2)C1,0.53222173,-23.502783
81,c1(NC(=O)c2ccccc2C(F)(F)F)cnn(C)c1C1OCC(F)C(N)CC1,0.53212976,-23.107449
57,c1(C)occc1C(N(C(c1ccc(F)cc1)C(=O)NC(C)C)Cc1cnccc1)=O,0.53208035,-29.934982
10,c1cc2c(cc1)CC(CN1CCC(NCc3nc4c(cc3)OCC(=O)N4)CC1)C2,0.5320034,-24.205933
123,C1C2C(CN(C(=O)c3n(C(C)C)ncc3)C1)Cn1c(=O)cccc12,0.5319699,-31.420437
49,Nc1cc(CNC(c2c(SC)nccc2)=O)ccc1,0.5318497,-24.844873
46,c1ccnc2c1c1c(c(=Nc3cccc(C(F)(F)F)c3)[nH]2)CCN(c2c(C(F)(F)F)cccn2)CC1,0.5315685,-30.27735
93,c1(N)cc(-n2c(=O)c3c([nH]c2=O)nc2ccccn2c3=O)ccc1,0.53144306,-28.873352
100,c12c(=O)cc(N3CCOCC3)oc1c(-c1cc(NC(=O)Nc3cnccc3)ccc1)ccc2OC,0.5312747,-30.551708
111,Clc1ccccc1CN1CC(NC(c2ccc(F)c(F)c2)=O)C(C)C1,0.53122944,-30.242504
56,c1cccc(SCC(N2CCCC2)C)c1NC(=O)c1cnccc1,0.53113693,-31.887259
96,c1c(-c2ccccc2S(=O)(NCc2ccncc2)=O)cc(Cl)cc1,0.53113306,-26.449179
100,Clc1c(Cl)ccc(C2CC(c3cc(OC)ccc3)n3[nH]c(=N)nc3N2)c1,0.53106654,-22.689531
100,c12c(cccc1)N(S(c1ccc(-c3cnc(N4CCOCC4)nc3)cc1)(=O)=O)C(COC)C2,0.5309203,-32.90908
68,c1cc(-c2ccccc2)nc(N2CC3C(CN(C(=O)c4c(-c5onc(C)n5)cccc4)C3)C2)n1,0.5309015,-26.933434
38,N1(C(C)=O)CC(c2ccc(CNC(c3ccccc3C)=O)cc2)CC1,0.53089494,-33.113976
82,c1c(F)ccc(-c2cc(C(NCCO)=O)cnc2N2CCOc3c2c(CNC(C)=O)ccc3)c1,0.53088534,-38.945038
103,[nH]1c2c(ccc(-c3ccccc3C)c2)nc1C(=O)c1ccn2c1CSC2c1cccnc1,0.5308575,-31.386707
13,c1(-c2ccc(CN3C(=O)C(NC(=O)CC(N)(C)C)CCc4c3cccc4)cc2)ccc(C(=O)C)cc1,0.5307866,-25.314133
117,Cc1c(C(NCCc2ccc(F)cc2)=O)c(=O)c2cccc(C(F)(F)F)c2[nH]1,0.5307692,-27.111368
96,Brc1c(OC)cc(C2c3c(cc(OC)c(OC)c3)C=[N+](C)C2C)cc1Br,0.5307628,-37.350296
121,c12cc(S(=O)(=O)N(C)c3ccccc3)ccc1-c1c3c(c(C#N)ccc3)[nH]c1C(C)CS2,0.53073335,-36.960785
82,C1(c2c(OC)cccc2)(C)NC(=O)N(CC(NCCC2=CCCCC2)=O)C1=O,0.530728,-23.679783
45,N1=C(c2ccccc2)C=CN(CC(=O)Nc2cccc(Cl)c2)C(=O)C1CN(C)C,0.5306812,-31.01077
6,c1(-c2cc(NC(=O)NCCCN3CC(Cc4ccc(F)cc4)CCC3)ccc2)c[nH]nc1,0.53066814,-22.41174
75,Fc1c(Cc2nc(CN3CCOCC3)on2)cccc1,0.5306357,-21.16134
84,c1ccn(CCn2c(=O)n(C)c3c(cccc3)c2=O)n1,0.53054786,-27.587212
101,n1ccc2c(c1Cl)C(C(NC(=O)Nc1ccccc1)(C)C)c1ccccc1O2,0.5304883,-34.98604
34,O=C(NCCc1ccccc1)c1cc2c([nH]c1=O)CCC(CC)C2,0.53038317,-22.566793
89,c1(-c2nc3n(nc(-c4cccc(OC)c4)c3)cc2)cc(OC)c(OCCN2CCCC2)cc1,0.5302125,-31.56816
30,c1(=NCc2cnccc2)[nH]cnc2[nH]c(-c3ccccc3)c(-c3ccccc3)c12,0.53018075,-22.918133
43,c1ccc2c(N3CCC(NC(=O)c4ccccc4)C3)cc[n+]([O-])c2c1,0.5300333,-29.837215
63,c1(-c2nc3ccccc3[nH]2)cccnc1SCCN(C)C,0.53000396,-21.321987
119,N1N(C(Nc2c(F)cccc2)=O)C(=O)c2c1cccc2,0.529964,-27.019745
86,C1CCCN(Cc2[nH]c3c(c(=O)n2)cccc3C)C1C,0.5299554,-24.738392
3,C(N1c2ccccc2C(c2ccccc2)CC(NC(=O)Nc2cccc(-c3nn[nH]n3)c2)C1=O)c1ccc(F)c(F)c1,0.5299083,-28.128689
115,c1ccc2c(n1)C(=O)c1n3c(cccc3)c(CNCCCN(CC)CC)c1C2=O,0.5296953,-27.51648
44,CC(C)n1nc(-c2cc(F)c(C(=O)NC3c4c(cccc4)CCC3)cc2)cc1,0.5293874,-32.580296
79,c1c(CN=c2[nH]c(-c3ccc(OCCN(C)c4ccccn4)cc3)cs2)cncc1,0.52912927,-29.937859
69,[nH]1c2c(-c3ccccc3)nc(C(=O)N(Cc3ccccc3)C)cc2c(=O)c(C(NCc2cc(F)c(F)cc2)=O)c1,0.5289091,-33.78995
89,c1c(C(=O)NCCN)c(NC(c2cc(C(=O)C)ccc2-c2ccc(C(F)(F)F)cc2)=O)ccc1,0.5288488,-35.631516
11,c1ccncc1CNC(=O)c1c(C)c2c(o1)c1c(cc2)OC(C)(C)CC1=O,0.52861404,-28.05028
115,C1(c2ccsc2)CC(c2c(OC)cccc2)n2c(ncn2)N1,0.5285213,-24.684408
62,C(C)N(CC)CCCN=c1c2cccc(C)c2[nH]c2c1cccc2,0.5284557,-22.755573
89,c12n(c(-c3cccs3)c(COCC)c(C(=O)NC(C)CO)n1)ncc2,0.5283801,-32.869537
102,c1cccc(CNCC(c2ccc3c(c2)OCCCO3)O)c1,0.52835804,-24.081114
18,c1(-c2ccc3c(ccc(C(NC4CN5CCC4CC5)=O)c3)c2)cc(C#N)ccc1,0.5280149,-26.762817
113,c1cccc2c1C1(C)C(C)(C)C(N(C(Cc3sccc3)=O)CC1)C2,0.52793825,-25.128426
67,c1c(-n2c3cc(-c4cnn(C5CCNCC5)c4)ccc3cn2)nc2c(cccc2)c1OC(C)C,0.5278723,-35.66485
60,c1(-c2cnn(C)c2)ccc2c(c1)C(C)(C)c1[nH]c3c(ccc(C#N)c3)c1C2=O,0.5277044,-21.521475
104,c1cccc(CNC(NC(=O)N=c2sc3cc(OCCN4CCOCC4)ccc3[nH]2)=O)c1Cl,0.52758664,-30.598366
84,O=S(=O)(c1ccccc1)CC(=O)NCc1cccnc1,0.52736163,-21.528507
84,c1cc2c3nnn(CC(=O)Nc4ccc(C)cc4C)c(=O)c3[nH]c2cc1,0.5272693,-24.906567
97,N1(C(=O)CC)CCC(CS(=O)(=O)N(Cc2nccs2)C2CC2)CC1,0.52719945,-32.304382
102,c12ncnc(N3CCOCC3)c1c(-c1cc(C#N)ccc1)cs2,0.5271109,-21.199093
11,O(c1cc(-c2ccc3c(c2)C2N(CCc4ccccc42)CCC3)ccc1)C,0.52708954,-25.98013
100,c1nn(C)cc1-c1cnc2c(c1)c(-c1cc(NC(=O)NCC(F)(F)F)ccc1)c[nH]2,0.5269587,-21.656887
5,[nH]1cc(C(NCC(F)C(C)(C)O)=O)c2nc[nH]c(=NC(c3cccc(Cl)c3)C)c12,0.5268968,-32.25875
106,C(Oc1cc2c(cc1)CC1(C3(C(=O)Nc4ncccc43)C2)CCc2ccccc21)CCO,0.52653134,-37.852196
27,O=C1Nc2ccc(Cl)cc2C1=Cc1ccc(N=c2cc[nH]c3c2ccc(Cl)c3)cc1,0.52651906,-25.42008
34,c1c(NC(c2cccc(N3Cc4c(ccnc4)C3)c2)=O)cccc1,0.526409,-25.193716
50,FC(c1c(CN2C(c3c(F)cccc3OC)CCC2=O)cnn1C)(F)F,0.5263894,-31.89479
87,N(C1CCCN(Cc2c(OC)cccc2F)C1)C(=O)c1ccc2n[nH]c(-c3ccnc(C)c3)c2c1,0.52577835,-22.954035
105,C1N(C2COC2)Cc2cccc(-c3ccc(OCc4ccccc4)cc3C(F)(F)F)c2OC1,0.5255947,-34.64428
67,n1c2c(Nc3cnccc3)ccc([N+](=O)[O-])c2no1,0.52544636,-26.144703
53,c1cc(CN(C(=O)COc2cccc(C)c2)c2ccccc2)ccn1,0.5253791,-25.162157
101,N(C1CS(=O)(=O)CC1)C(c1ccc2ncccc2c1)=O,0.5253755,-23.815155
7,C(NC(=O)c1cc2c(COc3ccc(Cl)cc3)cn(C)c2nc1)c1cccnc1,0.5252996,-31.324821
71,n1(C)c2c(c(-c3cccc(OC)c3)n1)CN(C(=O)Cc1ccncc1)CC2,0.5252227,-28.354433
112,C(c1ccc(CNC(c2cccnc2)=O)cc1)(NC(=O)c1cc(F)ccc1)C,0.52512383,-33.761612
110,c1ccncc1CSc1nc(-c2ccccc2)[nH]c1-c1ccc(OC)cc1,0.52509415,-26.048868
116,O=C(c1cc2c(cc1)[nH]cnc2=NCc1cc(Cl)c(OC)cc1)NCC1CCCO1,0.52484775,-25.431313
44,c1(-c2ccc(-c3cc(C)cc(N=c4ncc(F)c(OC)[nH]4)c3)s2)sc(C(NS(=O)(=O)C2CC2)=O)cn1,0.52471966,-43.969864
20,n1cc(CNC2C(Cc3cscc3)N(c3cc[nH]c(=NCC)n3)CCC2)ccc1,0.5246592,-42.062607
96,O1CCC(COc2cc(F)c(C3(C(F)F)N=C(N)OC4CC43)cc2)(C)CC1,0.5245538,-29.20413
37,CCN(CC)c1cc(=O)n(Cc2cccc(Cl)c2)nc1,0.5243656,-25.72769
84,c1ccc2c(c1)OCC(CN(C)Cc1ccncc1)O2,0.52411705,-20.823383
2,[nH]1cnc2c(cc(-c3ccc(OCCN4CCOCCC4)cc3)cn2)c1=NC(c1cc(OC)cc(OC)c1)C,0.524084,-39.734512
72,c1c(OC)c(OC)ccc1-c1cc(=Nc2c3c(n[nH]2)cccc3)[nH]cc1,0.52408206,-30.72387
50,c1ccc2c(c1)CC(C)N2C(CN1CCc2c(cc(OC)c(OC)c2)C1)=O,0.52377385,-23.023354
26,c1ccncc1CN1CCOC2(CCCN(c3cnccc3)C2)C1,0.5237303,-24.779911
58,C1N(c2nc(-n3c4c(cnc(-c5ncccc5)c4)cn3)ccc2)CCCC1NCC,0.52368927,-29.07262
33,C(=O)(NCC1CCCN(Cc2c(F)cccc2)C1)c1cnn(CC)c1,0.5236661,-24.223274
44,C1(Nc2cccc(C(N)=O)c2)CCCN(Cc2cc(Cl)ccc2)C1,0.52354956,-25.308548
126,c1(=N)nc(-c2ccccc2F)[nH]c2c1cnn2Cc1ccncc1,0.52349806,-26.017838
6,CCCCCCNC(=O)n1cnc2c1nc[nH]c2=N,0.5233708,-20.591356
18,C(CCCCN1CCC2(c3ccccc3CCO2)CC1)NC(c1ccc(Cl)cc1)=O,0.52327913,-28.897009
8,c1ccccc1-c1cc(OC)c2c(c1)C(C)=CC(C)(C)N2,0.5230378,-21.53135
115,c1ccc(-c2c3c(=O)n(CCn4ncnc4)[nH]c3ccc2)c(Oc2ccccc2)c1,0.5228924,-35.312836
79,o1c(CN2CC(O)CC2)ccc1-c1cc(=NC2c3c(cccc3)CCC2)nc[nH]1,0.5227902,-31.295101
25,Clc1cc(N=c2n(CCC)c3c([nH]2)cccc3)ccc1,0.52272946,-25.365208
103,S(=O)(c1ccc(-c2c[nH]c(=N)c(C(Nc3c(N4CCNCC4)cccc3)=O)n2)c(C)c1)(=O)C,0.5227234,-31.877466
30,c1cccnc1-n1[nH]c2c(c1=O)-c1c(cc(-c3cn(C)nc3)cc1)OCC2,0.52269554,-27.970871
85,C1N(C(=O)c2csc(CNC(c3ccc(-c4ccccc4)cc3)=O)c2)CCN(C2CCN(C)CC2)C1,0.5225041,-30.828447
95,c1(N2CCN(CCCCn3c(=O)c4c(cn3)c3ccccc3n4C)CC2)ccccc1OC,0.5224155,-24.92095
48,C(CN1CCN(CCCc2ccccc2)CCC1)Oc1c(OC)cc(Cl)cc1,0.5223983,-27.378582
109,c1(N2CCN(CCCn3c(=O)c(Cl)c(N4CCN(CCOc5c(OCC)cccc5)CC4)cn3)CC2)c(OCC(F)(F)F)cccc1,0.5222489,-25.29755
22,N1(CCc2c(C#N)cccc2)CCC(CNC(c2c3nc(C(C)C)[nH]c3ccc2)=O)CC1,0.5221812,-31.643616
91,c1cc(-c2n[nH]nn2)c(-c2ccc(CNC(=O)C(NC(c3cnn(C)c3)=O)Cc3ccccc3)cc2)cc1,0.5221086,-32.427177
19,n1ccnc(C2(C(=O)NCc3c(F)cccc3)CCc3n(Cc4cccnc4)cnc3C2)c1,0.52208424,-38.74675
52,c1cccc(C2CN(c3nc(-c4c(F)cncc4)cc(=O)n3C)CCO2)c1-c1ccccc1OC,0.5218998,-26.785425
63,O(c1ccncc1-c1c(Cl)c(=O)n(C)c(=Nc2cc(N3CCNCC3)ccc2)[nH]1)C,0.52187824,-33.133495
95,c1c(-c2cc3c(s2)[nH]c(CN2CCN(C)CC2)nc3=O)c(F)ccc1,0.52179295,-26.87459
71,c1cccc(NC(=O)c2cccc(NC(c3ccncc3)=O)c2)c1,0.5213952,-22.054234
26,c1(OC)c(N(CC(N2CCCCCC2)=O)S(=O)(c2ccccc2)=O)cccc1,0.52135926,-21.768023
14,c1cc(O)cc(-c2nc(N3CC4N(C)CC3C4)nc3c2CC(C)N(C(=O)C2COCC2)C3)c1,0.5212599,-38.07006
127,c1(-c2c[nH]c(=NC(CCC)c3onc(C)n3)s2)ccncc1,0.521146,-29.707039
43,c1(OC)cc(C(C)N=c2cc(-c3cc4c(occ4C)cc3)nc(C)[nH]2)ccc1,0.52107054,-22.160044
105,c1c(-c2ncc(=N)[nH]c2)c(F)cc(-c2c(C(NCC3(CO)COC3)=O)cccc2)c1,0.5210268,-26.270447
119,c1cc(COc2c(=N)[nH]cc(-c3cnn(C)c3)n2)ccc1,0.5210059,-23.342571
61,c1cnc(CNCCn2nccc2)c(C)c1Oc1ccc(Cl)cc1,0.52079535,-28.534134
42,c1cc(CNC(c2ccccc2NC(c2c(=Nc3cncnc3)[nH]cc(C3CC3)n2)=O)=O)ccn1,0.5207002,-26.229237
61,c1nccc(CN2CCC(C(NCc3cccc(OC)c3)=O)CC2)c1,0.5206515,-22.534279
88,c1ccc(C2(CC(c3[nH]c(=NC(c4ccccc4)C)oc3)=O)CC(=O)N(C)C2=O)cc1,0.5205212,-39.209606
111,COc1cc(C(Nc2c(-c3[nH]c4c(cccc4)n3)cccc2)=O)cc(OC)c1OC,0.5202517,-22.337421
107,c1cccc2c1CN(S(c1ccc(Cl)cc1)(=O)=O)C(C(CC)C)=NC2=O,0.52020127,-30.215588
63,c1(C)ccc(-c2c(CC)c(C(NCCO)=O)nc(-c3ccccc3)c2Sc2ccccc2)cc1,0.5201653,-32.54822
115,c1cc(C(=Cc2ccc(OC)cc2)C(=O)C)ccc1OC,0.5200574,-20.197966
1,O1c2ncccc2C(NC(Nc2cc3c(cc2)CCC(=O)N3C)=O)C(c2nc3ccccc3cc2)C1,0.519984,-33.734756
5,N1CCCC(N=c2[nH]ccc(-c3nc(N4CCOCC4)nc(-c4ccccc4)c3)c2)C1,0.5199431,-29.703785
105,Fc1ccccc1-c1cc2ccc(OC)c(OC)c2c(-c2ccc(OCCN3CCCC3)cc2)n1,0.5199313,-33.265278
116,Cn1ncc(NC(c2nc(-c3c(F)cccc3F)sc2N)=O)c1C1OCC(F)C(N)CC1,0.51991487,-16.865965
13,c1(F)c(-c2sc(N)c(C(Nc3c(C4CCC(N)C(F)CO4)n(C)nc3)=O)n2)c(F)ccc1,0.51991487,-16.670738
33,C1CC2(C(=O)N(C)Cc3c2cccc3)N(Cc2ccccc2OC)C1=O,0.5198491,-28.610191
41,c1(C)c(C)cccc1NC(=O)C(c1ccccc1)Sc1ccccc1,0.51983386,-21.378689
19,n1n(CC)c(C(Nc2ccc(C(N(C)C)=O)cc2)=O)cc1,0.5197471,-26.453888
70,Fc1cccc(F)c1CSc1n(C)c(-c2no[nH]c2=NC(=O)C)nn1,0.5196649,-22.684916
51,C(c1ccccc1)Cn1cc(C(Nc2cc(C)ccc2O)=O)nn1,0.5196355,-25.711323
89,FC(c1ccc(N2CCN(CCNC(=O)c3cc(-c4ccccc4)on3)CC2)cc1)(F)F,0.51940006,-25.893002
30,C1CN(S(=O)(=O)c2cc(OC)ccc2OC)CCN1C(CCC)=O,0.5193386,-21.900326
36,c1(CC)cccc2c(=Nc3c(OC)cc(NS(C)(=O)=O)cc3)c3c(cc(Cl)cc3)[nH]c12,0.5193066,-25.584347
122,s1c(=NC(N2CCC3(c4ccccc4CO3)CC2)=O)cccc1C,0.5193041,-28.638641
4,c1ccncc1CNC1C(NCc2ccc(Cl)cc2Cl)c2ccccc2CC1,0.5192836,-29.393366
84,C1C2CCN(CCc3ccccn3)CC2CN1Cc1cnccc1,0.5190964,-27.155787
121,C(N1CCC(c2ccccc2)CC1)(=O)CN1c2c(ccc(S(N3CCCCC3)(=O)=O)c2)OCC1=O,0.5190357,-26.599659
42,C(=NCCN1CCOCC1)(c1c(O)oc(-c2c(C)cc(C)cc2)n1)c1ccc(S(N2CCOCC2)(=O)=O)cc1,0.51889324,-41.342438
68,c1(Cl)cc(-c2nc3n(c2)nccc3)ccc1S(C)(=O)=O,0.518764,-28.51831
95,C1CC2(Cc3ccccc3C2)c2ccc(OC)cc21,0.5186643,-24.93317
64,c1ccccc1Oc1cccc(-c2c(C(=O)N)c(C)no2)c1,0.51864284,-27.562786
4,c1ccc2c(c1)n(C)c(N1CCN(C(c3cnccc3)=O)CC1)nc2=NC1CC1,0.51851285,-32.19587
35,C1CN(C(=O)Cc2c(C(F)(F)F)cccc2)CCN1c1c(OC)cccc1,0.5183088,-23.133245
107,c1cc2c(C(Cc3ccc(N)cc3)N=c3[nH]c(=O)[nH]c(N(c4ccccc4)C)c3)cccc2cc1,0.51822585,-46.232086
58,c1(=N)[nH]c2c(=N)[nH]cc(-c3c(OCCN4CCC4)ccc(OC)c3)c2nc1-c1ccccc1,0.5179321,-47.00386
117,c1c(OCCN2CCC(C)CC2)cccc1,0.5179037,-18.909443
104,CCOc1ccc(-c2nc(CNCc3ccncc3)co2)cc1,0.51771855,-19.771984
56,C1OCCN(c2c3nc(C#N)c(N4CCc5c(nccn5)C4)nc3n(C)n2)C1,0.5175007,-34.933464
69,c1(-c2n3[nH]c(=NC(C4CCCCC4)=O)nc3ccc2)ccc(OC)c(OC)c1,0.51746845,-24.790302
85,c1c(F)ccc(C2CN(c3nc(-c4ccncc4F)cc(=O)n3C)CCO2)c1,0.5173446,-18.993034
122,C(Cn1c2ccc(C(NCCNc3ccccc3)=O)cc2c(C)c1)N1CCOCC1,0.517324,-33.800747
26,c12c(cccc1OC)CC(Cc1cccnc1)CO2,0.5172794,-22.069633
35,n1c(C(N=c2[nH]ccs2)=O)cccc1N1CCc2c(cc(C(=NOCC)C)s2)C1=O,0.51714313,-41.311283
112,c1c(C(NCC(NC2CCCc3c2cccc3)=O)=O)ccc2c1cccc2,0.51691586,-23.44565
106,c1ccc(N=c2[nH]c3c([nH]2)cc([N+](=O)[O-])cc3)cc1-c1cnccc1,0.51689774,-30.37432
104,Cc1c(-c2oc(C)c(Cn3cc(-c4ccccc4)cn3)n2)cccc1,0.5167647,-24.767635
31,Cc1cccc2[nH][nH]c(=O)c12,0.51669914,-23.588697
63,O=c1n(CC)c(=CC(Cc2sccc2)=O)c(=C(C)NCc2ccncc2)n1CC,0.5166442,-40.977684
67,c1(Cl)c(OC(C)c2[nH]c(=NC3CC3)cc(N3CCOCC3)n2)c(Cl)ccc1,0.5165972,-33.39684
118,c1ccc(Cc2c(OCCN3CCN(c4ccc(O)cc4)CC3)cccc2)cc1,0.51654726,-25.48148
100,C1(=N)c2c(F)cccc2C(=O)N1c1cnccc1,0.5165381,-26.956768
75,O=C(CSc1nnc2ccccn21)c1c2ccccc2[nH]c1,0.5165114,-22.328896
18,c1ccc(F)c(-c2noc(C)c2C(=O)Nc2c3c([n+](CCC)cc2)cccc3)c1,0.5162847,-29.61959
16,c1c(C)n(C(C(=O)Nc2ccccc2Cl)c2ccc(OC)c(OC)c2)nc1C,0.5159765,-29.492563
67,c1cccc2c1C1C(C)N(c3cc(C(NC)=O)nc4ccsc43)C(C)(C1)C2,0.51571524,-44.646114
107,c1cc(C(Nc2cc(-c3cccc(NC(c4c(F)cccc4F)=O)c3)ccc2)=O)cnc1,0.515677,-32.84343
19,c1cc(S(=O)(N(CC(=O)N2CCC(C)CC2)Cc2ccccc2)=O)ccc1,0.515446,-21.802753
69,c1ccccc1-c1oc(C(NCC(c2ccco2)N2CCCC2)=O)cc1,0.51535064,-23.315292
7,c1ccc(-c2cc(=Nc3c4cnn(-c5cccc(C(N)=O)c5)c4ncc3)c3ccccc3[nH]2)cc1,0.51531345,-31.74764
50,C(NC(c1sccc1)=O)C(NCc1c(OC)cccc1)=O,0.5152962,-21.848835
101,c1c(C)ccc(-c2nc(N3CCNCC3)nc(-c3cccc(S(=O)(C)=O)c3)c2)c1,0.5152254,-31.366096
100,c1(C)c(OC)c(C)c(CNCc2ccncc2)nc1,0.514992,-21.068714
87,c12c(cccc1)-c1n(C3CCCNC3)ncc1C(N1CCN(CC)CC1)C2,0.5147785,-28.27099
15,c1c2c(ccc1-n1nnnc1)nc(CCCC)n(Cc1ccc(-c3ccccc3-c3n[nH]nn3)cc1)c2=O,0.5144512,-25.831425
73,Cn1c(O)c2c(c1O)C1N(C(c3ccccn3)=O)C2(CC)C(=O)N(C)C1,0.5143899,-23.748808
18,c1ccccc1NC(c1cnn(C)c1)=O,0.51438886,-19.352043
1,CN1CCc2c(c(=O)[nH]nc2Cc2ccc(F)c(C(=O)N3CCN(C(COc4ccccc4)=O)CC3)c2)C1,0.5140486,-29.04579
27,c1(OCCN2CCCC2)cccc(CN2CCC(NC(c3ccccc3)c3ccccc3)CC2)c1,0.5139432,-28.366402
18,c1c(C(=O)NCCN2CCc3c(c(C)ccc3)C2)cc(Oc2ccccc2)cc1,0.5138236,-33.49098
48,C12C(NC(=O)c3cccc(S(=O)(N4CCc5c4cccc5)=O)c3)C1CCC2,0.51376224,-31.1521
26,C1N(C(CCC)=O)CCC(N=c2cc(Oc3c(C)cc(C)cc3C)n3[nH]cnc3n2)C1,0.5137499,-25.922358
98,C(c1nnc2ccc(N3CCC(C)CC3)nn12)n1nccc1,0.51371104,-25.196423
23,c1c(CCNC(=O)c2ccccc2OCc2ccncc2)cccc1,0.5136444,-22.262367
0,c12ccc(OCCN3CCCCC3)cc1[nH]c1c(=O)n(CCC)c(=O)n(CCC)c21,0.5134386,-26.34873
113,c12c(c(C(=O)CCCCC)c(C)[nH]1)cc(O)c1c2C2(C)C(=O)C(C(=O)C)C(=O)C=C2O1,0.5132837,-31.163097
91,n1nc2ccccc2n1C1(CCC(=O)N2CCOCC2)CCc2ccccc21,0.5132626,-34.11641
39,CN(CCn1c(=O)[nH]c2c(cccc2C)c1=O)C,0.5131166,-22.769154
13,COc1cc2c(c(=NC(c3cnccc3)=O)cc(C)[nH]2)cc1OC,0.51306105,-26.06836
61,CC1(C)C(=O)Nc2ccc(S(=O)(=O)Nc3cc([N+]([O-])=O)ccc3)cc21,0.51299113,-25.472403
23,c1c(OCC)ccc(NC(CN(CC)C(=O)c2cc(=O)[nH]c3ccccc32)=O)c1,0.51291656,-25.177273
60,c1(C(Nc2cc3nc(N(C)CCCN(C)C)[nH]c3cc2)=O)ccc(F)cn1,0.5127973,-33.17425
100,c1(COCC(O)CN2Cc3ccccc3CC2)c(F)cccc1,0.51278555,-22.292744
80,c1(CNC2CCN(c3ccc(NC(=O)c4c(Cl)nccc4)cc3F)C2=O)ccncc1,0.51259285,-30.76014
36,NCCc1c2ccccc2n2c1CCC(N(C)S(=O)(c1ccc(Cl)cc1)=O)C2,0.51257443,-26.689503
51,n1nc2n(nc(N3CCC(C)CC3)cc2)c1-c1cccc(NC(=O)c2ccncc2)c1,0.51251936,-28.921465
22,c1c(-c2sc3c([nH]c(=O)n(CCN4CCN(c5c(OC)cccc5)CC4)c3=O)c2)ccc(OC)c1,0.5124329,-23.412163
86,c1c2c(ccc1)c(CC(COc1cc(-c3cc4c(nc3)N(C)C(=O)CN4)cs1)N)c[nH]2,0.51241046,-29.068655
36,Clc1c(OCCC)ccc(-c2nc(-c3ccccn3)ccc2)c1,0.5122069,-28.831032
45,n1ccncc1C(=O)NC(=N)N1c2c(cccc2)CCC1,0.5121804,-29.27145
6,c1cc(C(=O)CCN(Cc2ccccc2)CC)cc(NS(=O)(=O)C)c1O,0.51192373,-24.289246
66,O=C(NC1(C(F)(F)F)c2c(n(-c3ccccc3)c(=O)[nH]c2=O)OC(=N)C1C#N)c1c(Cl)cccc1,0.51184005,-24.618418
89,O=C(c1cc(NC(NCCCN2CC3CC2CN3Cc2ccc(F)c(F)c2)=O)ccc1)NCC(C)C,0.5117422,-39.058945
3,c1cc(OCCN2CC(C)OCC2)ccc1Cl,0.511636,-23.616764
115,c1(F)c2c3c(n[nH]c3)ccc2c(-c2cccc(NC(CC=CN(C)C)=O)c2)nc1,0.5114994,-36.559578
82,Cn1c(-c2ccc(OC)cc2)cc(CNC(=O)c2cccnc2)n1,0.51148397,-26.635147
121,C12CCC3(C)C(C)(CCC3O)C1CC=C1C2(C)CCC2(C(=O)N=c3cc[nH]cc3)CCC(C)(C)CC21,0.511388,-31.6908
12,N(c1c(N)cccc1)C(=N)C,0.511365,-19.081802
31,c1(O)ccc(-c2c3c(nn2-c2ccc(OC)cc2)cc(-c2ccccc2)cc3O)cc1,0.51123965,-31.213448
82,c1cc(OC)cc(CCNC(=O)CCCC(=O)n2ncc3ccccc32)c1,0.5111472,-27.394566
19,c1(=NCC(=O)N2c3ccccc3CC2)[nH]cccc1C(Nc1cc(C)cc(C)c1)=O,0.5110898,-33.049896
92,C1(c2ccc(C)cc2)n2nccc2N=C(C)C1C(=O)NCC=C,0.51087993,-26.023804
17,c1(-c2ccccc2)cc(NC(c2ccc(N)cc2)=O)c(N)cc1,0.5108242,-20.29771
90,[nH]1c(N2CCCC(OC)C2)nc2c(c1=NC1CCCCC1)ncn2C(C)C,0.51078254,-29.58789
66,C(N1CC(C(=O)NC(c2ccccc2F)c2ncccc2C)CCC1)(CC1CCCC1)=O,0.51076496,-35.310257
96,n1n(C)cc(-c2cc3c(cc2)-n2nc(C(=O)N)nc2C2N3CCC2)c1,0.5107604,-28.235065
22,C1N(Cc2cnccc2)CCC(n2cc(C(=O)N)c(=Nc3ccccc3)[nH]2)(CC#N)C1,0.5107368,-21.145872
74,c1cccc(COc2cccc3[nH][nH]c(=NC(c4occc4)=O)c32)c1,0.5107235,-27.243628
69,c1c(CC(NC(=O)C2Cc3cc4c(cc3S(=O)(=O)N2CC)OCCO4)C(O)CNC2=C(c3cccc(C(=O)C)c3)C(=CC)C(C)(C)C2=O)cccc1,0.5106132,-42.32493
105,C(C(Cc1ccccc1)N)(NC(C(C)C)C(=O)N1CCC2(CCc3ccccc32)CC1)=O,0.5105735,-27.148407
95,c1(CNc2c(NC(C)(C)CC)c3ncccc3c(-c3c(Cl)cccc3)n2)ccccc1,0.51057017,-30.396627
99,O=S(=O)(c1cccc(C(F)(F)F)c1)c1c(=NCCC)[nH]c2ccccc2n1,0.51052666,-27.194092
56,c1ccccc1N1CCN(CCC2CCc3c(nccc3)C2)CC1,0.51050264,-23.620193
13,c1c(CNCCN=c2cc[nH]c3cc(Oc4ccc(F)cc4)ccc32)cccn1,0.5104437,-23.249132
6,[nH]1c(CNC(=O)CN2CCCC2Cn2cc(C)cn2)nc2ccccc12,0.51042694,-26.617657
106,c1cccc(CCc2ccccc2OCCN(C)C)c1,0.5103331,-19.52012
89,c1ccccc1-n1cc(C(Nc2ccc(NS(=O)(=O)C)cc2)=O)c(-c2ccc(Cl)cc2)n1,0.5101911,-24.798323
103,c1cc(-n2c(O)c(CC(NCC)=O)[nH]c2=S)ccc1,0.5101197,-27.377254
23,n1cccn1CCNCc1c(N(C)C)n(C)nc1C(C)C,0.5100006,-21.67127
50,c1(CNC(=O)c2cc3c(n(C)nc3-c3cccc([N+]([O-])=O)c3O)s2)ccccc1F,0.50999635,-37.191547
54,C1CN(CCOc2cccc3c2ccn3S(=O)(c2ccc(OC)c(OC)c2-c2ccccc2)=O)CCO1,0.50992864,-32.173058
106,c1cc(N=c2c3c(c(C(=O)NC4CC5[N+](C)(C4)CCC5)c[nH]2)[nH]c2ccccc32)cc(Cl)c1Cl,0.50985205,-43.27918
12,Cc1cc(NCc2ccco2)ccc1,0.5096993,-20.470655
84,o1cccc1-c1cc(CC(N(C(=O)C)Cc2ccoc2)C)ccc1,0.50967455,-37.523594
35,c1cccc2c1CCN(c1nc(N3CCN(C)CC3)[nH]c(=NCC=C)n1)C2,0.5096276,-27.71658
84,c12ncc(C(NCCc3cscc3)=O)cc1CN(c1ccc(C)cc1)C(=O)N2Cc1c(C)cccc1,0.5095839,-34.237648
67,c1ccc2c(c(OCCN3CCC(N(Cc4ncccc4)C)CC3)ccc2)c1OC,0.5095602,-33.26854
42,c1(C(Nc2c(N)ccc(-c3ccccc3)c2)=O)cc(NC(C)=O)c(N2CCC2)nc1,0.5094853,-30.859247
21,c1(-c2ccc(S(=O)(N3CCc4ccccc4C3)=O)cc2)ccncc1,0.5093071,-22.434776
82,n1c2n(c(-c3ncccc3C)n1)N=C(c1ccc(Cl)cc1)CS2,0.5092922,-23.99604
0,C1(CN2CCCC(Cc3c(OC)cccc3)C2)CC1(c1ccccc1)c1ccccc1,0.5092399,-26.56564
35,c1cc2c(c(=O)c(OC)c(-c3ccc(OCCN4CCOCC4)cc3)o2)c(O)c1,0.5092388,-24.171627
94,n1cc(-c2ccccc2)cnc1N1CCN(C(c2c(C)oc(C)c2)=O)CC1,0.50908417,-27.136974
118,N1CCN(C(N2Cc3c(=NC(c4nc5ccccc5n4CC4CCCCC4)=O)[nH][nH]c3C2(C)C)=O)CC1,0.5089617,-33.400154
125,c12c(sc(-c3[nH]c4cccc(C(N)=O)c4n3)c1)ccc(-c1ccccc1-c1nn[nH]n1)c2,0.5088074,-40.32276
93,c1c(F)cc(F)c(S(NC2CCN(CCOc3ccccc3C(C)C)CC2)(=O)=O)c1,0.50852996,-21.295872
116,Fc1ccc(Nc2cccc(-c3c(C)ccnc3)c2)cc1NS(=O)(C)=O,0.50849205,-36.11716
80,N(CC1COCC(C)(C)CO1)C(=O)Nc1c[nH]nc1,0.5084783,-28.065584
16,C1CCCc2sc3[nH]c(-c4ccc(OC(C)(C)C)cc4)nc(=N)c3c21,0.50842583,-27.209957
73,n1c2c(C)cccc2c2oc(-c3ccc(F)cc3)nc2c1N1CCNCC1,0.50826156,-28.89659
24,C1N(CCCCn2c(=O)c(Cl)c(N3CCN(CCOc4c(OCC)cccc4)CC3)cn2)CCN(c2cccc(Cl)c2Cl)C1,0.5080799,-20.409395
53,c1cccc2c1C1C(CCNC1)C2c1ccccc1,0.50805396,-20.710428
93,Clc1cc2c(c(NCCO)c1)ncc(C(=O)Nc1cc(-c3ccccc3)ccc1N)n2,0.50797915,-35.072853
122,c1cc(CCNC(c2cccc(Br)c2)=O)ccn1,0.507954,-21.15132
79,c12ccc(OC)cc1c(Sc1ccccc1)c(C(=O)N)[nH]2,0.50794965,-20.289429
20,c1(-c2cccc(OC)c2OC)ccc2c([nH]cc2)c1,0.5079335,-27.12456
103,CCS(=O)(=O)CC(=O)N1CCN(c2ccc(C(NCCCN3CCCC3=O)=O)cc2F)CC1,0.5076662,-36.60324
113,c1(C(Nc2cnn(C)c2C2NC(=O)CCC2)=O)ncc(Oc2ccccc2)nc1,0.50761217,-29.861305
119,c1ccccc1-c1oc(C(=O)NCCc2c[nH]c3ccccc32)cc1,0.5075726,-23.108452
75,c1cc(C2CCC(OCCNC)C(C=CCCCC)C2)ccc1,0.5075579,-31.277752
5,C1N(c2c(C(F)(F)F)cccn2)CCN(Cc2c(C)n(-c3ccccc3)nc2C)C1,0.50747997,-24.672562
103,c1(C=Cc2ccccc2)ncccc1C(F)(F)F,0.5074738,-20.739258
52,N1C(=O)C(c2c(-c3ccccc3)nn(-c3ccccc3)c2)C(=O)N(c2c(C)n(C)n(-c3ccccc3)c2=O)C1=O,0.5074513,-29.562338
71,c1(C(=Cc2ccc(OC)c(O)c2)C#N)ccc(S(=O)(C)=O)cc1,0.50740916,-21.917099
48,c1c2c(ccc1)[nH]c(=O)c1c2n(CC(Nc2c(C)cc(C)cc2)=O)nc1,0.50730807,-26.042461
38,c1(CS(NC(c2occc2)C)(=O)=O)ccccc1,0.50729096,-22.777262
59,c1ccccc1CN1c2c(c(-c3cc(S(=O)(=O)C)ccc3)ccc2F)CC1,0.507227,-33.919228
70,c1(-c2cc(-c3ncccc3)cc(C(NCc3cnc(C)nc3)=O)c2)cnn(CC(C)(O)C)c1,0.50720674,-34.213154
1,C1CN(c2n3c(nc4c3cccc4)c(C#N)c(C(F)(F)F)c2)CCO1,0.50715685,-23.113197
82,C(c1ccccc1)OS(=O)(NC(c1cccnc1)=NC(=O)C)=O,0.5070925,-33.52476
81,c1cccc(OC)c1NC(=O)Nc1ccc(Oc2cc(-c3[nH]cc(C(NCCC)=O)c3)ncc2)cc1,0.507006,-26.29701
126,n1c2n(ccc1OC)nc(-c1cc(NS(=O)(=O)C)ccc1)c2,0.5069432,-25.95121
10,C(=O)(c1ccc([N+]([O-])=O)s1)N1CCCC(n2cccn2)C1,0.50687826,-25.438364
118,c1cc(OCc2n[nH]c(=S)n2-c2ccccc2)ccc1,0.50675297,-16.981745
68,N1c2ccccc2C2(CCN(S(=O)(=O)c3cnc(C(F)(F)F)cc3)CC2)C1,0.5066239,-28.624355
48,c1ccncc1C(NC(c1[nH]nc(C(NCc2ccccc2)=O)c1)=O)C,0.5066061,-29.977917
72,C1(C(N)=O)CN(c2ccc3c(=Nc4c(Cl)c(Cl)ccc4)nc[nH]c3c2)CCC1,0.50628746,-31.310417
98,n1c(-c2[nH]c3c(n(C)c(=O)n(C)c3=O)c2)cccc1,0.50587624,-20.945621
93,c1cccc(-c2nc(C(NC3CCN(C(=O)C)CC3)=O)c(=N)[nH]c2)c1,0.50585353,-24.661226
39,c1(CN2C(=O)c3c(nc(N4CCOCC4)s3)CC2)cc(OC)c(OC)c(OC)c1,0.5057503,-25.552519
29,Fc1ccccc1-c1[nH]c2c(nc(N3CCCC(N)C3)[nH]c2=NCc2ccncc2CC)n1,0.505722,-44.85776
89,C(c1cnccc1)NC(c1ccc(NC(=O)N2Cc3ccccc3C2)cc1)=O,0.5057009,-19.69827
89,c1cc(OCCN2CCN(c3ccccc3F)CC2)ccc1NC(=O)C(C)C,0.5056682,-26.622156
45,C1(c2cc(OC)c(OC)cc2)CC(=O)c2cc(OC)c(OC)cc21,0.50562274,-21.72113
37,c1cc(NC(=O)c2cnc3n(ncc3-c3ccc(OC)cc3)c2C)c(C)cc1,0.505564,-26.200592
11,O=C(N1C(CN2CCOCC2)Cc2c(cccc2)C1)N(Cc1cc(C(F)(F)F)cc(C(F)(F)F)c1)C,0.505504,-24.788055
124,c1ccccc1-c1cccc(N=c2[nH]cccc2F)c1,0.50535756,-25.68034
15,c1(C(=O)c2ccc(OC)c(OC)c2)cnc2n1c1c(cccc1)[nH]c2=N,0.5053572,-29.474812
76,O=c1n(CCOc2ncc(-c3ccccc3)cc2)[nH]c2ccccc12,0.50524896,-30.772202
104,C1c2cc(OC)c(OC)cc2CN(c2ncc(-c3cnn(C)c3)cn2)C1,0.5050326,-25.699417
26,c1ccc(Cc2cc(OC)c(OC)cc2)c2c1[nH]cc2,0.50498354,-26.04744
18,c1c(CNc2c(OC)cc(OC)c(Cl)c2)nc(C)cc1,0.50494987,-24.690264
86,c1cc(OCCN2CCCCCC2)ccc1,0.50494146,-17.823322
127,c12c(cccc1)CN(C(Nc1ccc(C(NCc3ccncc3)=O)cc1)=O)C2,0.50482637,-19.143513
66,c12c(cc(CNC(=O)c3nc(C)c(C)nc3C)[nH]1)cccc2OC,0.50475794,-31.217617
71,CCOc1nc2c(cc1)CN(S(=O)(c1cnccc1)=O)CC2,0.5045436,-27.944078
102,c1c(S(Nc2ccccc2OCC)(=O)=O)c(C)n(C)n1,0.504311,-24.744423
100,c1cc(-c2c(N3CCN(C)CC3)nnc3[nH]c(=O)n(-c4ccc(Cl)cc4)c23)ccc1,0.50416064,-30.061752
24,C1N(c2ccccc2)CCC12C(O)CN(Cc1cccnc1)C2,0.50400954,-29.046947
93,c1nn2c(N(CC)CC)nc3c(c2n1)cc(C(=O)NC1CCCCC1)cc3,0.5039984,-31.449095
36,n1c[nH]c2scc(-c3cccc(Oc4ccccc4)c3)c2c1=N,0.50385267,-23.1177
78,c1ccccc1CCN(CCCN1Cc2ccccc2CC1)CCC,0.5038309,-24.361973
37,C(NCc1c(C)cc(OC)c(C)c1)(c1ccc(N(C)C(=O)c2c(Cl)cccc2F)cc1)=O,0.50376856,-30.836561
107,c1c(C2=C(c3ccc(OCCN4CCCC4)cc3)Oc3ccccc3O2)ccc(O)c1,0.5036732,-22.404814
75,n1(-c2c(C)cccc2)c(CC)c(-c2nn[nH]n2)cn1,0.50352246,-25.246056
112,c1(NC(=O)c2ccc(-c3ccccc3Cl)o2)ccc2c(c1)OCCO2,0.5034465,-21.683765
90,n1[nH]c(=O)n(-c2ccccc2)c1SCc1ccc(F)cc1Cl,0.5033866,-23.60647
66,C(CC(c1cc(NC(=O)Nc2cccc(Cl)c2)ccc1)=O)n1cccn1,0.50327647,-30.871578
102,c1n(C)ncc1CN(C)C1CN(CCc2c[nH]c3ccc(Cl)cc32)CCC1,0.5031859,-29.052784
99,c12c(ccc(N(C(=O)Cc3ccccc3)C(c3cnccc3)C(NC(C)(C)C)=O)c1)OCCO2,0.50314057,-27.93423
121,c1(NC(=O)C=Cc2ccc(O)c(OC)c2)cccc2c1OC(c1nn[nH]n1)CO2,0.5030458,-23.580132
91,c1(-c2cccc(OC)c2)cncc(C(NCCCn2cncc2)=O)c1,0.5030407,-27.869316
10,c1c(C(NS(=O)(c2ccc(OCCCC)cc2)=O)=O)cncc1,0.50297785,-23.081537
63,c1(-c2ccccc2)cc(C(=N)NCC2OCCC2)c(O)cc1,0.50297016,-29.049103
17,C1CN(C)CCN1S(c1ccc(NC(=O)c2cc(-c3cccc(OC)c3)on2)cc1)(=O)=O,0.5029694,-25.076355
74,C(c1sc(=NC(C(C)Sc2nnc3ccccn23)=O)[nH]c1)C1CCCC1,0.5029213,-33.805923
33,c1(-c2cccc(OC(F)F)c2)nc(C(c2cc(F)c(F)cc2)NC(C)=O)sc1,0.50279766,-26.11444
98,[nH]1cc(CC(NC(=O)C(NC(C)=O)CC2CCCCC2)C#N)c2c1cccc2,0.5027227,-26.582878
54,N(c1ccc(-c2c(S(=O)(=O)N)cccc2)cc1)C,0.5026876,-22.934458
111,c1cc(NC)ccc1-c1nc2c(n(C)ccc2=NCc2cccnc2)[nH]1,0.5026251,-35.39141
48,c1cc(OC)ccc1CC1(Cc2cccnc2)c2ccccc2N(c2c(Cl)cccc2)C1=O,0.5025176,-29.225615
114,c1(Cl)ccc(C(CCN2CCC3(Cc4ccccc4NC3=O)CC2)O)cc1Cl,0.5025052,-28.031364
59,C1CN(C(=O)CSc2nnc(-c3ccoc3C)n2C)c2c1cccc2,0.5024158,-22.245878
93,c12c([nH]c(C)c1S(c1ccccc1)(=O)=O)cccc2N(C)C,0.5023582,-28.521635
53,c12c(n(C(C)C)nc1)CCC(NCc1ncc(CC)cc1)C2,0.50205326,-23.322205
107,c1ccc(C(n2ccnc2)=C)c(OCc2cccnc2)c1,0.5019939,-24.003187
0,N1(CCCc2onc(-c3ccc(C)cc3)n2)CCC(n2c3ccccc3[nH]c2=O)CC1,0.5019584,-25.889095
64,Cn1c2c(=O)n(CC(NCCc3cc(OCC)c(OCC)cc3)=O)ncc2c2c1cccc2,0.5019089,-23.014254
24,C(=C1Oc2c(ccc(OCCN3CCCCC3)c2)C1=O)c1c(F)cccc1,0.50182796,-24.874664
44,C(=O)(NCC(NC(N1CCc2c(cccc2-c2ccc(OC)cc2)C1)=O)=O)N,0.5016063,-34.448578
90,c1cc(NC(=O)NCc2ncc(N3CCN(S(C)(=O)=O)CC3)cc2)c(SC)cc1,0.5015986,-37.780228
0,Cn1c(-c2ccccc2)c(CC(=O)N(C)CC(Nc2cc(Cl)ccc2OC)=O)cc1C,0.5015851,-28.05622
103,CCCOc1ccc2c3c(c(=NC(=O)C)[nH][nH]3)c(=O)n(CCC)c2c1,0.5014872,-34.971405
115,c1(S(=O)(=O)N2C(c3cccnc3)CCCC2)ccccc1,0.5014637,-20.474846
71,C1(c2cccnc2)CCCCN1S(=O)(=O)c1ccccc1,0.5014637,-22.451588
29,C(CO)SC1=Cc2cc(OC)cc(OC)c2C1c1ccc(OC)c(OC)c1OC,0.50139993,-29.673042
30,n1cccc2c1OC(C)CN(CC(CCCC)CC)C2=O,0.501308,-28.846083
72,Cc1c(NC(CCN=c2nccc[nH]2)=O)cccc1Cl,0.50122136,-22.38003
105,c1cccc2c1CCN(CC(=O)NCc1ccco1)C2,0.50113666,-20.70964
48,c1nc(C(C)C)c(C(NCCCN2CCN(c3cccc(C)c3C)CC2)=O)cc1,0.5011237,-27.862408
47,[nH]1c(=NCc2cccnc2)ncc(C(Nc2cc(-c3nccn3C)ccc2)=O)c1,0.50099975,-28.545454
110,Cc1nc(CC)c(CO)c(-c2cc(-c3ccccc3)cc(OC)c2-n2cncn2)c1,0.50088334,-50.070267
47,c1(C(=C)c2cc(OC)c(OC)c(OC)c2)nc2cc(C)c(C)cc2[nH]1,0.500753,-23.315893
50,c1cc(S(=O)(N2CCN(CC3CCC(c4cncc5ccc(=O)[nH]c45)=C3)CC2)=O)ccc1,0.50075257,-36.67938
65,c1cccc(-c2ccc(COC3COc4n(cc([N+]([O-])=O)n4)C3)cc2)c1C(N1CCC2(CC1)NCCC2)=O,0.5006966,-34.654137
45,n1n(C)c(C)c(C=Nn2c(=N)[nH]c3ccccc32)c1-c1ccccc1,0.5005442,-29.953568
55,c1(C(Nc2cnn(CCC(C)C)c2)=O)cncc(-c2cnn(C)c2)n1,0.5004481,-31.165865
86,C(N(C1CCCN(Cc2cccnc2)C1)C)(c1oc2ccccc2c1)=O,0.50044256,-30.723518
46,c1c(C(=O)N2C(C)Cc3c(cccc3)C2COCC2CC2)nccc1,0.5001123,-29.851967
7,c1cc(-c2c3c(n(CCCN4CCC(N5CCCCC5)CC4)n2)CCN(C(C)=O)C3)ccc1,0.4998645,-28.035137
28,c1c(OC)c(OCCNC2CCCC2)cc2c1c(-c1ncnc(N(C)Cc3cccnc3)c1)n[nH]2,0.49980876,-37.82612
81,N1(CCOc2ncc(-c3ccc4c(=O)[nH]ncc4c3)nc2)CCCC1,0.49966756,-33.089283
91,c1c(CNc2cnc(N3CCN(C)CC3)cc2)c(OC)n(C)n1,0.49962252,-25.297325
89,c1(=O)n2c(sc1=Cc1ccc(OCC)cc1)nc1c(cccc1)c2=O,0.49960598,-23.600185
77,C1CCCCC1C(N1CC2C(c3cccnc3)C(CO)CN2CC1)=O,0.49953264,-30.64832
77,c1ccc(-c2c(-c3ccc(F)cc3)n3c(cncc3)n2)cc1NC(=O)c1cc(NC)ccc1,0.49945727,-38.284058
63,O=C(c1cn(-c2ccc(OCc3ccccc3Cl)cc2)nn1)NCCO,0.49941498,-29.388018
126,c1(OCC)ccc2[nH]c(C(NCc3ccco3)=O)nc2c1,0.49939767,-28.481056
115,c1c(CC(NC(=O)C2NC3CCC2C3)C#N)ccc(-c2ccccc2S(=O)(N)=O)c1,0.49937728,-25.990364
124,C1CC(N(CC=C)c2n[nH]nn2)c2c(cccc2)C1,0.4992992,-27.964176
37,C1CCCC=C1c1c(OC)cc2c(c1)CCc1c(-c3ccc(C(=O)NCC)cc3)nncc1-2,0.4990864,-42.67231
36,c1cccc2c1CN(C(=O)C(C(C)C)NC(c1ccccc1)=O)CC2,0.49890527,-22.827808
44,n1cccn1CCCNC(=O)N1CCOCC1,0.49873737,-22.38446
96,c1(C(N(C=O)Cc2cccnc2)=O)noc(-c2ccc(F)cc2)c1,0.4986883,-29.843758
13,O=C(N)Cn1cccn1,0.49867296,-19.936869
88,c1(-c2c(S(=O)(=O)NC(=O)NCCCCC)cccc2)cc(Oc2cc(C)cc(C)c2)ncc1,0.4986071,-36.397797
41,c1ccc(O)c2c1C(=O)c1c(sc(COc3ccc(F)cc3)c1)C2=O,0.49859652,-25.638594
3,Cc1sc2c(cc(-c3c(Cl)cccc3C)cc2CN2CCNCC2)n1,0.49837092,-37.798203
30,C(c1c(=O)[nH]c2c(c(C)ccc2)c1)(N(CCN(CC)CC)C(=O)c1cccnc1)=O,0.49829912,-35.35441
37,c1cc(NC(=N)c2cccs2)cc(OCCN2CCCCC2)c1,0.49818137,-22.706995
124,c1c(C(N2CCC(c3nc4ccccc4[nH]3)CC2)=O)cc(F)c(Cl)c1,0.49807844,-23.184763
112,c1ccc2c(c1)[nH]c(SCc1ccccc1F)n2,0.497999,-20.241571
59,c1c(OC)c(S(N(c2c(OCC)cccc2)CC(NCc2cccnc2)=O)(=O)=O)cc(Cl)c1,0.49796098,-29.680431
104,C1CCNCC1(c1ccc(Cl)c(Cl)c1)C(=O)Nc1ccccc1,0.49781707,-26.858322
76,C(CC)Cc1c(O)c(C(C)=O)ccc1OCC(=O)CNC(=O)CO,0.49778998,-32.8776
2,N(Cc1ccc(OCc2ccccc2)cc1)C(NC(C)c1cccnc1)=O,0.4976311,-26.858156
118,n1cncn1-c1c(Cl)ccc(C(CC2CCCC2)c2cnccc2)c1,0.4975847,-34.081856
109,c1nccc(C2(c3ccoc3)c3c(cccc3)NC2=O)c1,0.49756306,-23.942596
28,c1(NC(CSc2nnc3c(C)cc4c(cc(OC)c(OC)c4)n32)=O)cccnc1Cl,0.49755645,-28.223701
33,c1ccccc1-c1c(N(C)CCN(C)C)nc2c(cc(OC)c(OC)c2)c1,0.49753693,-27.902254
55,C1C2CC3CC(C2)CC1(c1cc(OCCN2CCCC2)c(OC)cc1)C3,0.49748477,-26.811827
53,O=C(N=c1[nH]c2c([nH]1)ccc(Oc1ccccc1)c2)C1(C(Nc2ccc(OCCN3CCOCC3)cc2)=O)CC1,0.4974376,-29.20789
85,c1ccc2nc(SCCCC)[nH]c2c1,0.49735123,-18.365303
77,c1cc(F)ccc1-n1c(-c2ccc(O)c(OCC)c2)cc(C(F)(F)F)n1,0.4971512,-24.478502
0,n1(C)cc(CN2CCC=C(c3nnnn3-c3ccc(N)cc3)C2)cn1,0.49711195,-35.415527
47,c1ccc2c(c1)c1n[nH]cc1c(=O)[nH]2,0.49704045,-20.182014
84,c1ccc(-c2c3[nH]c(=NCCN4CCN(c5ccccc5)CC4)n(C)c(=O)c3ccc2)cc1,0.49703997,-30.997183
91,N1c2ccccc2CC2(NC(NCc3cccnc3)=NC2=O)C1=O,0.49700576,-31.48749
22,C1N(CCC)CCC(OCc2cc(Cl)ccc2)C1,0.49691054,-22.845716
66,c1ccc(N=c2nc(-c3c4n(nc3)cccn4)cc[nH]2)c(OC)c1N1CC(N)CCC1,0.4967324,-33.509167
87,c1c(C(=O)Nc2c(=O)[nH][nH]c2-c2ccccc2)ccnc1,0.4967155,-20.618696
98,c1nc2c(c(=N)[nH]1)ncn2C1C(O)C(O)C(CN(Cc2ccc(-c3ccccc3)cc2)C)O1,0.49668857,-24.232174
2,C1(CNC(c2cc(COc3cccc(C(F)(F)F)c3)on2)=O)CN(CC)CCO1,0.49667203,-26.030165
57,Cc1cc(C)cc(NC(CSc2nc(=O)c3c(n[nH]c3)[nH]2)=O)c1,0.49660853,-20.771873
69,c1cc(-c2ccncc2)ccc1CN1C(Cc2ccncc2)C(O)CC1,0.4965803,-27.350279
22,c1cc2c(=Nc3ccc(NS(=O)(CCC)=O)cc3OC)c3c([nH]c2cc1)cccc3,0.4965748,-20.968277
14,c1(NC(c2nc(N3Cc4c[nH]nc4CC3)sc2)=O)c(F)ccc(C(F)(F)F)c1,0.49650982,-26.87951
50,C1(c2ccccc2)CN(C(=O)C)CC1NC(=O)c1c(CC)c2cc(Cl)ccc2[nH]1,0.4964956,-31.529814
59,c1cc2c(cccc2)c(OCCN(C)C)c1,0.49622333,-18.538008
29,c1c(NC(=O)c2cc(-c3cccc(OC)c3)on2)c(C)ccc1Cl,0.4962225,-22.629032
60,c1c(Cl)c2c(cc1Cl)C(N=c1[nH]oc3ccccc31)C(O)C(C)S2(=O)=O,0.49617022,-34.753258
102,N1(Cc2cnccc2)CCN(C(=O)c2cc(Cc3n[nH]c(=O)c4c3NCCC4)ccc2F)CC1,0.49593315,-22.363316
94,C(COc1c(F)cc(-c2ccccc2N2Cc3c(n(C)nc3)Cn3c2ccc3)cc1)CC,0.49590433,-51.053417
102,c1(=O)cc(-c2ccccc2)c2c(cc(OC)c(OC)c2)[nH]1,0.49589717,-21.717035
43,c12cccnc1C(=O)c1c(nnn1CCN1CCOCC1)C2=O,0.49589047,-23.064331
66,C1OCCN(c2ncnc(-n3[nH]cc(-c4ccccn4)c3=O)c2)C1,0.4957208,-22.222115
110,N1c2ncccc2C2(CCNCC2)N=C1N=c1[nH]ccc(C)c1,0.4956533,-31.53181
107,c12n(C(C)C)ncc1c(=NCCc1cc(F)ccc1)[nH]c(=NCCOC)[nH]2,0.49559957,-28.179853
61,c1ccc(N2CCCC3(CNC(=O)c4c(cccc4)O3)C2)cn1,0.49550864,-25.80064
103,c12ccc(-c3ccc(Cl)cc3)nn1c(SCc1ccc(Cl)cc1)nn2,0.4954525,-23.879868
117,c1ccc(CNC(CN2C(=O)CSc3c2ccc(S(=O)(N(CC)CC)=O)c3)=O)c(Cl)c1,0.49542734,-29.154455
57,c1(CNCC(c2ccccc2)NC(=O)c2ccc(-c3c(=N)[nH]cc(-c4cn(C)nc4)c3)cc2F)ccncc1,0.49517113,-29.08747
113,c1cc2c(cc1)-n1c(cnn1)CN(CCC)C2c1ccc(OC)cc1,0.49512216,-22.732964
78,C1CCC(=O)N2C1c1cccnc1CCC2,0.49511406,-24.35131
56,c12[nH]cc(CCNC(c3sccc3Cl)=O)c1cccc2,0.4950966,-22.88593
51,c1ccccc1C(=O)c1n2c(cccc2)c(-c2ncccc2)c1C(=O)N,0.49501857,-30.056486
91,C1C2(CN(CCCS(=O)(=O)N(C)C)c3c(cccc3)O2)CCC1,0.49495384,-30.985277
57,c1ccc(NC(=O)Nc2cc(-c3ccncc3)c[nH]c2=O)c(C)c1CCO,0.49476367,-36.41901
88,C1CCC(NC(c2cc(=NC(c3cc(-c4ncc(F)cc4)c(Cl)cc3Cl)=O)n(-c3ccccc3)[nH]2)=O)CO1,0.49434337,-23.575733
50,c1(C(CN(C)C)=C)cccc(-c2ccc(OC(F)(F)F)cc2)c1,0.4941952,-27.398586
1,C(CC(n1cccn1)C)OCc1cc(C)cc(C)c1,0.4940733,-29.707134
1,c1(C2c3c(nc[nH]c3=Nc3ccc(F)cc3)OC3=C2C(=O)CCC3)cc(OC)c(OC)c(OC)c1,0.49402472,-25.192375
35,c1(Oc2ccc(NC(=O)c3ccccc3NCc3cnccc3)cc2)ccccc1,0.49398485,-23.972225
3,C1(NC(NCc2ccncc2)=O)c2c(cccc2F)OCC1,0.49395302,-29.613907
74,c1ccc(CNC(=O)c2c(=O)n(CCCC)c3c(c2)C(=O)CCC3)s1,0.493774,-24.42616
117,c1ccc2c(c1)OCC(NCC(CSc1ccccc1OC)C)CO2,0.49360618,-22.91573
36,c1(=O)[nH]c2ccc(S(=O)(=O)NCc3ccccc3OC)cc2o1,0.49353653,-23.001968
37,c1cc(S(=O)(=O)N2CC(C(NCCc3ccc(OC)c(OC)c3)=O)CCC2)cnc1,0.49347064,-24.13419
125,Cc1c(CN2Cc3c(ccc(CN4CCCC4c4[nH]nc(C)n4)c3)OCC2)c(C)no1,0.49344048,-31.36072
78,c1ccc(C(N2CCN(Cc3cccnc3)CC2)=O)cc1NC(=O)Nc1c(C(F)(F)F)cccc1,0.49339077,-31.093151
30,[nH]1c2c(cccc2)n(C2CCN(Cc3ccc(C(NC)=O)cc3)CC2)c1=O,0.4933828,-25.330856
54,COc1c(OC)cc2cc(C(=O)N3CCc4ccccc43)n(CC)c2c1,0.4928483,-25.402504
69,C(c1ccc(CNc2ccccc2)cc1)N1C(=O)CC(C)C1,0.49282604,-26.972647
24,c1cccc(C(=O)Nc2cccc(-c3nnc(SCc4ccccc4)n3C)c2)n1,0.4927999,-27.785612
7,Fc1cc(F)c(CC(N)CC(N2C(Cn3cccn3)COCC2)=O)cc1,0.49266505,-23.612608
52,c1cc2c(cc1)OCCN2C(c1cn[nH]c1-c1ccc(OC)cc1)=O,0.49264804,-27.098797
117,c12ccccc1C(=O)c1c3nc(SCC)[nH]c3ccc1-2,0.49264205,-24.471767
1,c1c(C=C2C3=NOC(c4ccc(F)cc4)(CO)C(=O)N3CCC2)cccc1,0.49262196,-24.317802
127,c1cccc(CN2CC3(CNC(=O)c4ccncc4)CN(C(C)C)CC3C2)c1,0.4925901,-29.117254
104,N#Cc1c(-c2ccc(Oc3ccccc3)cc2)c(C#N)cc(S(C)(=O)=O)c1,0.49255717,-26.275627
77,n1(C)ncc(-c2cc(=O)n(C)cc2)c1-c1nc(C)c(C)cc1,0.492537,-27.67396
22,c1c(NC(c2ccccc2)=O)c(-c2c(C3CC4CN(C(=O)C)C4C3)cccc2)cnc1,0.49251962,-47.4171
100,c1(=O)n2n(c(=O)n1CCCC(F)(F)F)C1(Cc3ccccc3)C2CCCC1,0.49238586,-27.867416
20,c12c3c(sc1[nH]c(CN1Cc4c(ccc(OC)c4)OCC1)nc2=O)cccc3,0.49232718,-29.679926
119,c1(-c2cc[nH]c(=N)n2)c(-c2ccc(F)cc2)nc2n1cccc2NCc1cccnc1,0.4923088,-26.732939
92,C(Cn1ccnc1)CN(C1CCCc2cccnc21)CC1CCC(CNS(C)(=O)=O)CC1,0.49222,-33.30765
51,C12C(CN(Cc3cnccc3)CC1)C(COCCN1CCOCC1)Cn1c2cccc1=O,0.49205953,-30.601578
50,c1cccc(CCCCC(=O)N2CCCC(n3cnc4c(=N)[nH]cnc43)C2)c1,0.49204916,-26.673897
48,c1ccc(F)c(C2c3c(nn(C4CCC4)c3)C(=O)N2c2cn(C)c(=O)cc2Cl)c1,0.49204198,-33.421978
97,n1c2c(cccc2)[nH]c1N(C)C1CN(C(c2c(C)cc(C)[nH]c2=O)=O)CCC1,0.49194527,-33.927803
80,c1(SC)c(CN2CCN(C(c3ccccc3)C(c3ccc(F)cc3)N)CC2)cccc1,0.49193978,-32.080208
115,O=C(c1cc(S(N2CCc3ccccc32)(=O)=O)ccc1)Nc1c(N2CCOCC2)cccc1,0.49182507,-23.925652
34,C(c1cnc(Cl)s1)n1c(=O)n(CC)c(-c2ccc(OC)c(O)c2)n1,0.49166775,-33.93174
77,c1cc(Cn2c(C)nc3c(cnn3CCO)c2=O)ccc1,0.49165288,-26.654575
0,c1(OC)c(OC)c(OC)cc(C2c3ccc(O)cc3CC(N(C)CCC)C2)c1,0.49165022,-26.924158
124,C1CCN(C(CN2C(=O)NC(c3ccc(CC)cc3)(C)C2=O)=O)CC1,0.4915651,-23.316288
44,c1(COCC(CN2Cc3ccccc3CC2)O)ccccc1,0.49155456,-18.509487
70,n1c(C(NCc2ccncc2)C)cccc1-c1c(OC)cc(OC)cc1,0.49153772,-29.645956
43,c1cc(Cl)ccc1C1(C)OC(c2ccsc2)(CCCN(C)CC(F)F)c2c1cccc2,0.4914046,-48.89247
49,N(Cc1cccnc1)c1ccc(Oc2ccccc2)cc1,0.49129683,-19.273598
86,c1(NC2CCN(CCc3ccccc3)CC2)ccccc1,0.49128562,-17.73948
70,c1c(C)n(Cc2ccc(-c3cccnc3)cc2)c2c1C(=O)N(CC)CC2,0.49120414,-28.103748
92,O(c1c(N2CCN(Cc3ncccc3)CC2)cccc1)C,0.4911955,-21.455898
107,c12c(oc3c(cccc3)c1=O)c(C)c1c(c2)c2cc(OC)ccc2[nH]1,0.4911066,-28.94931
3,Cn1nnnc1SCC(N1CCc2ccccc21)=O,0.4909999,-19.12416
36,c1(-c2ccc(C(NC(c3ccccc3)C)=O)cc2)c(CN)cnc2c1cccc2,0.49095482,-27.31
56,c1c(C(=O)Nc2cc(-c3c(Br)cnn3C)ccc2)sc2ccccc12,0.49090683,-27.370115
78,c1(OC)cc2nc(C=Cc3cccc(OCC#N)c3)ccc2cc1,0.49090344,-28.65737
40,O=S(=O)(Nc1ccc(C(NCc2cnccc2)=O)cc1)c1ccc(CC)cc1,0.49087423,-23.271446
117,c1cc(NC(c2nc(C#N)c[nH]2)=O)c(C(=O)N2CCCCC2)cc1,0.49085668,-21.443241
78,Fc1cc2c(cc1)c(=O)cc(C(NCc1cnccc1)=O)o2,0.4908365,-25.808226
59,c1(-n2c(=O)c(C(c3ccccc3)C(Nc3ccc(Cl)cc3)=O)ccc2)ccccc1,0.4908311,-29.351004
53,c1(Cc2cccc(C(c3c[nH]n(-c4ccc(F)cc4)c3=N)=O)c2)ccncc1,0.49082795,-26.21195
40,c1cc(C2CCCCN2S(=O)(c2cccnc2)=O)nc(C)c1,0.4907659,-26.751682
56,C(=C1C=C(Cc2ccccc2)C(=O)C(C)(C)C1=O)c1cccnc1,0.4907403,-24.8529
18,[nH]1c(=NC(=O)CCC(N(CCCCCC)CCCCCC)=O)scc1,0.49065065,-22.829535
113,c1cccc(C(CCCNCC2CCn3c(ccn3)C2)(CC)O)c1F,0.4905729,-38.372986
44,c1c2c(ccc1)CCCC2NC(=O)Cc1ccc(-c2ccccc2)cc1,0.4904539,-20.310429
63,c12c3c(cccc3)ccc1cc(C(=O)NCc1cccnc1)c(OC)n2,0.49042803,-30.402216
64,c1ccc2c(c1)C1c3c(cccc3)C2C(C)(CC)C1=O,0.49039638,-26.62663
108,C1=C(C(=O)Nc2ccccc2)n2c(=O)n(C)c(=O)n2C(c2ccccc2)C1,0.49028358,-30.359966
22,c1c(Cl)c2c(c(=Nc3ccc(NS(C)(=O)=O)cc3NC)c3c(cccc3)[nH]2)cc1,0.49025467,-24.713272
51,C1C(=O)c2c(ccc3occ(C(=O)NC(C(C)C)C)c23)CC1,0.49025437,-37.563858
60,C(N1CCOCC1)CNC(c1cc(Cl)c(OC2CCN(C(CCC(C)C)=O)CC2)cc1)=O,0.4901767,-27.303822
17,c1(NC(c2c(N)cccn2)=O)c(N2CCNCC2)ccc(Cl)c1,0.49008375,-25.052681
84,c1ccc(-c2nc3cc(CCCN4C(C)C(O)C(O)C(CO)O4)ccc3n2C)cc1,0.49005753,-31.221676
12,c1ncc(CC(C(=O)N=c2cc[nH]cc2)N=c2[nH]c(C)ccc2)cc1,0.4900211,-34.19195
107,c1c(S(=O)(=O)NC(c2ccccc2)=O)ccs1,0.48982924,-22.35352
95,C1CN(c2n(C)c(=O)cc(-c3ccncn3)n2)CCC1c1c(C(F)(F)F)cccc1,0.48982304,-21.547201
126,c1(OC)c2c(nc(CC)cc2C)cc(N(C)C)c1OC,0.48981923,-29.629318
72,C1CC(NC(=O)c2ccccc2)CCN1c1ccc(S(=O)(=O)CC)nc1,0.48981282,-28.50333
48,c12c([nH]nc1)CC1c3c(cccc3F)CCN1C2C1CCCCC1,0.489766,-30.544205
115,c1c2c(cc(N(C)C)c1)nc(-c1ccc3c(c1)cnn3-c1ccccn1)[nH]2,0.48968714,-32.27928
28,c1c(CC(=O)Nc2cc(-c3ncnc4[nH]cc(C(=O)C)c34)ccc2)cc(Cl)c(Cl)c1,0.48956406,-29.669376
111,c1ccc(C(C)NC(=O)c2ccc3c(c2)nc(=NC2CCOCC2)[nH]c3)c(C(F)(F)F)n1,0.48941904,-28.239319
91,c1(-c2cc(CN3C(=O)CCCCC3c3c(OC)cccc3OC)ccc2)cnccc1,0.48937374,-20.131224
38,c1cc(-c2oc3c(cc(-c4ccc(OC)cc4)cc3)n2)cc(NC(=O)c2ccccc2)c1,0.48933274,-27.518044
18,C(N1Cc2c(cccc2)CC1)C(=O)N1Cc2c([nH]c3c2cccc3)C(C)(C)C1,0.48909727,-29.696407
106,n1(-c2ccccc2)[nH]cc(C(=O)NC(c2ccccc2)C(N2CCOCC2)=O)c1=NC(=O)c1ccccc1,0.48884284,-33.35083
56,C1CCC(CN2CC3(C2)CCN(c2nccc(-c4ncccc4)n2)CC3)CCC1,0.48872343,-36.945114
60,C1N(CCOc2ccccc2CCc2ccccc2)CCCC1,0.48871544,-18.45388
29,c1(C(NC2CN(CCn3cccn3)C(C(NCC)=O)C2)=O)cc2c(-c3cc(C)ncc3)[nH]nc2cc1,0.48867816,-34.71797
61,c1(-c2ccc(Cl)cc2)onc(C(=O)Nc2ccccc2)c1,0.48865545,-20.46463
50,Cc1[nH]c(C)cc(=NS(=O)(c2ccc(NC(CCC)=O)cc2)=O)n1,0.48861778,-23.358683
103,c1ccc(C#N)cc1NC(=O)c1c(NC(c2scc(CN3CCN(C)CC3)c2Cl)=O)c(OC)cc(Cl)c1,0.4885678,-26.379478
108,N1(Cc2cccc(OC)c2OC)CCN(C(c2c(O)ccc(C)c2)=O)CC1,0.48850873,-25.821507
114,c1cccnc1-c1c(C)n2c([nH]c3ccccc23)c(C#N)c1=Nc1ccc(Cl)cc1,0.48847562,-37.281475
123,c1c(=O)c2cccc(CC=C)c2oc1-c1cc(O)c(OC)cc1,0.48821265,-25.48965
117,c1(C(NC)=O)c2c(n(-c3ccccc3)n1)CC(C)(C)CC2=O,0.48821038,-23.85346
75,c1ccccc1C(Cn1ncc(Cl)c(Cl)c1=O)=O,0.4881735,-17.128826
88,c1c(-c2nc3ccc(-c4cccc(S(=O)(=O)C)c4)cn3c2)cco1,0.4881613,-29.550762
59,c1csc(C(Nc2ccccc2)=O)c1OCc1nc[nH]c1,0.48815593,-26.739412
76,c1cc(CN=c2c3cc(OC)c(OC)cc3[nH]c(N(C)CCCN(C)C)n2)ccc1,0.48809204,-24.301456
73,c1nccn1CC(C)NS(=O)(c1cccc2cnccc12)=O,0.4880835,-29.03633
67,c1(OC)cc2c(n(CCCC)c3c2cnn(CC(NC2CCCC2)=O)c3=O)cc1,0.48803058,-27.520111
43,c1(-c2c(O)cccc2)nc(C(NC2Cc3c(cccc3)C2)=O)ccc1Cl,0.4880041,-32.733673
84,[nH]1c(=Nc2cc(C#N)ccc2)c(C(N)=O)cn1C1CCC(NC2CCOCC2)CC1C#N,0.48799616,-27.346115
